https://image01.bonprix.de/api/s,x,217,y,220/teaser/homepage/1831-shop-17329/shb-sofas-iii-996684.jpg?h=AHEhxJowC13t6XdoTK6gB0FHasJp1GLZaWw7U4SShPE=
https://moebel-boss.de/medias/sys_boss/images/h53/h5f/30.jpg
https://lookaside.fbsbx.com/lookaside/crawler/media/?media_id=127947977240937
https://www.gorgeneck.eu/wp-content/uploads/bild_diversemoebel_horizontal_2.jpg
https://m-t-moebel.de/aimages/teaser-europa-moebel/teaser-europa-moebel-01.jpg
http://www.moebelfreund.de/sliders/indexslidermf/essen.png
https://moebel-heimerer.de/medias/sys_master/root/h9f/hfd/9113294929950/heimerer-startseite-vsp-440x3183.jpg?attachment=true
https://www.maja-moebel.de/wp-content/uploads/2018/11/maja-moebel-office-inspiration-yas-slider.jpg
https://static-7e325y.sio.ag/presentation-producer-modelimages/decker.png
https://media.xxxlutz.com/i/xxxlutz/NC9ydn7NyjtH2dkAaFzR1hrA/mobel-hauptbild-wohnzimmer.png
https://static.westwingnow.de/cms/CategoryTiles_FS_2019/M%C3%B6bel/Moebel-Esszimmer-Tisch-Stuehle.jpg
https://www.maja-moebel.de/wp-content/uploads/2018/11/maja-moebel-office-inspiration-yolo-slider.jpg
https://cygal.com/site/assets/files/1/tavolo_fumo_main_deck.1900x1200.jpg
https://www.moebel-fottner.de/bilder/buehne_anrei.jpg
https://www.falstaff.at/fileadmin/_processed_/csm_outdoor-moebel-c-beigestellt-2640_3d46d2b8e2.jpg
https://www.maja-moebel.de/wp-content/uploads/2018/08/maja-moebel-produkte-living-teaser.jpg
https://moebel-schneider-kissing.de/wp-content/uploads/moebel_wohnen-1.jpg
https://image.stern.de/7897818/16x9-940-529/c327feded84760b28f11ddddd1fc6c3c/Do/bild1-s-28unten--fusiontables.jpg
https://www.yourhome.de/media/i/HPL-Teaser-Moebel-Sale-FS19-KW01-48287-0.jpg
https://www.maja-moebel.de/wp-content/uploads/2018/11/maja-moebel-office-inspiration-system-slider.jpg
https://image01.bonprix.de/api/s,x,217,y,220/teaser/homepage/1831-shop-17329/shb-kommoden-4er-996684.jpg?h=QPjI9gyTFrWquPiXM84zujBN3H1889K4QZzVZdfcDKk=
https://media3.tchibo-content.de/newmedia/page/img/4332884aa9deaa82/einstieg_classic.jpg
http://www.pidi-moebel.ch/js/magenthemes/mtslideshow/timthumb/timthumb.php?src=http://www.pidi-moebel.ch/media/mtslideshow/cache/1/9df78eab33525d08d6e5fb8d27136e95/s/l/sl15.jpg&h=600&w=1169
https://www.moebel-grell.de/wp-content/uploads/11752_z62-54_b250-g220-m_41120-te220-b-1920x975.jpg
https://s3.eu-central-1.amazonaws.com/cdnm.westwing.com/glossary/uploads/de/2014/08/Moebel-im-Barokstil-825x464.jpg
https://www.moebel-wiemer.de/wp-content/uploads/Slider-2017-111.jpg
https://www.holzconnection.de/media/wysiwyg/landingpages/tv/holzconnection-tv-moebel-top-frei.jpg
https://www.moebel-nagel.de/uploads/tx_gridelements/wasserschloss_homestory_moebel_nagel_location_crailsheim_detail_01.jpg
https://www.via-ruhr.de/files/images_1/Betriebe/M2%20Moebel%20Hattinger%20Str.%2072-74.jpg
https://www.lionsstar.de/media/image/13/01/ec/Barock-M-bel-6_800x800.jpg
https://www.maja-moebel.de/wp-content/uploads/2018/12/maja-moebel-produkte-office-teaser.jpg
https://static.schoener-wohnen.de/bilder/14/1b/4908/article_image_medium/teaser-deconet-wegner.jpg
https://www.spectral.eu/uploads/53/113/spectral_airgold_tv-moebel.jpg?width=627&height=409&fit=crop
https://www.hificoncept-living.de/assets/components/phpthumbof/cache/SPECTRAL_Ameno_VRA2_Moebel_Glas_HiFi_TV_Moebel_invisible_Sound_3.c2a46e97ef54d8ae8db468945137230e.jpg
https://www.admonter.eu/media/bilder/referenzen/weiler_moebel/Admonter_Floors_Eiche_Lapis__Elements_Altholz_gehackt_H3_Ausstellung_Weiler_Moebel_Vorarlberg-44.jpg
https://image01.bonprix.de/api/s,x,217,y,220/teaser/homepage/1831-shop-17329/shb-schraenke-4er-996684.jpg?h=rc5oEji+KuyHSUeH+KSa/eI/3bnn7UQ0mI67fAhfYPY=
http://trendmoebel-online.de/wp-content/uploads/2016/02/Trendmoebel-Esszimmer-1-1.jpg
http://bella-moebel.de/wp-content/uploads/2015/06/yatakodasi-570x282.jpg
https://www.welt.de/img/finanzen/immobilien/mobile163323495/1892501407-ci102l-w1024/Moebelkubus-Kammerspiel-von-Nils-Holger-2.jpg
https://blog.koelntourismus.de/wp-content/uploads/2017/02/Geliebte-Moebel_Vintage-Moebellaeden_2-1030x773.jpg
https://www.maja-moebel.de/wp-content/uploads/2018/11/maja-moebel-produkte-selection-teaser.jpg
https://www.moebel-huebner.de/wp-content/uploads/2018/06/mh_website-sortiment-polster-moebel.jpg
https://media.moebel-akut.de/shopsystem/home/moebel-akut-wohnen.jpg
https://www.moebel-ryter.ch/wp-content/uploads/2018/04/mo%CC%88belryter_medialeg-78-von-174-1920x1920.jpg
https://www.moebel-eins.de/out/pictures/magictoolbox_cache/8c95d73fec130487c102a73bf1ab42ce/A/F/AFT0011G/thumb530x530/4189288123/beat-jugendzimmer.jpg
https://www.schubiger.ch/wp-content/uploads/2018/10/2.-stock-esszimmer-2-1-1024x640.jpg
https://moebel-domeyer.de/aimages/europa-moebel-schlafen/europa-moebel-schlafen-01.jpg
https://www.moebel-ryter.ch/wp-content/uploads/2018/04/mo%CC%88belryter_medialeg-52-von-174-2-1920x1920.jpg
https://www.moebel-schroeter.de/wp-content/uploads/2017/12/Sale_main_banner_122017-685x514.jpg
https://europa-moebel-collection.de/medias/sys_master/root/h52/h46/9013273886750/emc-wohnkatalog.jpg
http://khybermatch.com/wp-content/uploads/2018/11/Tv-M%C3%B6bel-Eiche-Stunning-Parkett-Eiche-Fliesen-Holzoptik-Eiche.jpg
https://www.derbauherr.de/wp-content/uploads/2017/06/Ori-by-Yves-Behar-and-MIT-Media-Lab-2-1020x610.jpg
https://moebel-mahler.de/wp-content/uploads/2018/11/slider-abverkauf-mobile20181.jpg
https://images-na.ssl-images-amazon.com/images/I/514dWPrb1bL._SL1200_.jpg
http://www.moebel-preiser.de/files/preiser/startseite/2019-Nussbaum-Tisch-Acrylharz-Transparent-Glas.jpg
https://image.jimcdn.com/app/cms/image/transf/dimension=420x420:mode=crop:format=jpg/path/s742ebc61cb0b435c/image/i6c80c345d24de530/version/1533918940/image.jpg
https://www.universal.at/INTERSHOP/static/WFS/EmpirieCom-UniversalAT-Site/web/EmpirieCom-UniversalAT/de_AT/Lifestyle_SIS_neu_ab2018/Wohnen/HW18/Boxen/Box1.jpg
https://www.m%C3%B6bel-lenk.de/images/precontent/teaser.jpg
https://p5.focus.de/img/fotos/origs10293816/3120289804-w720-h569-o-q75-p5/amazon-moebel.jpg
https://media.xxxlutz.com/i/xxxlutz/NC6b5hvnClTIxXMcngcHQ-6w?qlt=90
https://www.riess-ambiente.net/out/pictures/generated/category/thumb/1280_420_90/mbel.jpg
https://www.audena.de/media/wysiwyg/Moebel/AUDE-Moebel-Schlafzimmer-Teaser-600x000.jpg
https://cdn1.home24.net/static/media/om/img/cms/block/L1_moebel/visnav_wohnzimmer.jpg
https://moebel-boss.de/medias/ESSZIMMER-350x350.jpg?context=Ym9zc3xyb290fDIzNzI3fGltYWdlL2pwZWd8aGI0L2hiYy84OTMyNjI5MTE5MDA2LmpwZ3xjNGQ2MGM5ZjE4MzA0NDI0MmVmMTEzNjFkYjIxYmI0NWRiNmI5NzBlNzU5YTEyNWQ0NDQ1ZTU0YmE0MDAyNjA5
https://moebel-hensel.de/medias/sys_master/root/h4b/he5/9069053542430/polstermoebel-moebel-hensel-emo-min.jpg
https://www.moebel-pilipp.de/wp-content/uploads/2017/04/moebel_2.jpg
https://www.freistellen.de/wp-content/uploads/2017/02/kommode.jpg
https://massiv-aus-holz.de/wp-content/uploads/2018/08/Massiv-Holz-Moebel-mit-Sockel-dekorativ-praktisch.jpg
https://static-7e325y.sio.ag/presentation-producer-modelimages/willi_schillig.png
https://www.zumschiff.com/moebel/_data/gallery/353/L/03-home.jpg
http://www.moebelderler.at/data/image/thumpnail/image.php?image=217/moebelderler_at_article_4016_0.jpg
https://img.edilportale.com/product-thumbs/b_prodotti-81708-relfe83a116d3bb43d883f578c1c4067b2c.jpg
https://www.betonen.com/app/uploads/2017/03/Limatura-betonmoebel-designmoebel-sideboard-beton-nussholz-betonmoebel.jpg
https://d2kf4ct9hph8gp.cloudfront.net/media/image/42/d8/c8/_DSC6809_800x800.jpg
https://www.morgenweb.de/cms_media/module_img/2672/1336164_1_gallerydetaillandscape_264115105_264109658.jpg
https://www.trhayes.co.uk/media/wysiwyg/Nolte_Brand_Banner.jpg
https://www.wohnen.de/media/catalog/category/vintage-moebel.jpg
https://www.webermoebel.de/wp-content/uploads/2014/08/dsc00714.jpg?resolution=450,0
https://moebel-schuster.de/mediaserver/SCHUSTER/Schuster_Waldboenn_HB_gesamt_1713x8314_jpg/TEASER/Schuster_Waldboenn_HB_gesamt_1713x8314.jpg
https://image01.bonprix.de/api/s,x,217,y,220/teaser/homepage/1831-shop-17329/shb-betten-4er-996684.jpg?h=2EzZfIfe1ZhOeJyWNNqPCjRpzfKv+/05YEAUSQMzYXQ=
https://www.maja-moebel.de/wp-content/uploads/2018/08/maja-moebel-produkte-media-teaser.jpg
https://www.lagerhaus.de/media/wysiwyg/Tischplanung/Kategoriekacheln/schrank-vitage_schrank-regal-vintageregal-industrieschrank.jpg
https://www.voglauer.com/uploads/_processed_/csm_Voglauer-V-Cube-Speisemoebel-00_63cca819a5.jpg
https://www.tausch-wohnen.de/wp-content/gallery/kff/k-Stuhl-2.png
http://www.moebel-riesen.ch/cms/upload/bilder/Aktuell/Svane_Boxspring_Bett.jpg
https://www.riess-ambiente.net/out/pictures/generated/category/promo_icon/1200_1200_90/wohnwelten_titelbarock.jpg
https://www.rhr-moebel.ch/uploads/xXdw1uJR/a4c43a4971cd49c6be19f48f84df9b6b.jpg
https://moebel-lutz.de/media/teaser/moebel-lutz-teaser-013.jpg
https://image.architonic.com/img_pro1-6/110/8910/adria-sessel-frei-001-sq.jpg
http://www.rivo.de/images/wohnwand_cat.jpg?crc=3769857220
https://i.ebayimg.com/images/g/V3EAAOSwuAVcbXmA/s-l1600.jpg
https://www.obi.ch/de/promotion/palettenmoebel/assets/images/header-palettenmoebel.jpg
https://www.ikea.com/ch/de/media/categories/living-room__sofas_armchairs_520_PH151988.jpg
https://www.moebel-nagel.de/fileadmin/medien/bilder/startseite/schlafen_home_moebel_nagel_haus-herr-nagel_23a.jpg
https://media.moebel-akut.de/shopsystem/home/moebel-akut-polster.jpg
https://media-cdn.sueddeutsche.de/image/sz.1.341899/920x613?cropRatios=0:0-BiGa-www&cropRatios=3:2&cropRatios=2:3&method=resize&v=1531271588
https://images-eu.ssl-images-amazon.com/images/I/314Wh4GvcvL.jpg
https://i.pinimg.com/originals/f3/c3/6f/f3c36f3d4362cfa44fcb595ee7bd981a.jpg
https://www.moebel-bernskoetter.de/fileadmin/_processed_/d/d/csm_bad_badprogramme_2_d0af32056c.jpg
https://static.westwingnow.de/cms/Kategorie%20Kacheln/M%C3%B6bel/2nd/Wohnzimmer-Couch-Couchtisch.jpg
https://cdn1.home24.net/static/media/om/img/cms/block/L1_moebel/visnav_esszimmer.jpg
https://www.moebel-suter.ch/uploads/tx_armtemplate/TV-M%C3%B6bel-2560.jpg
https://moebel-sachse.de/aimages/globalwohnen/globalpolster01.jpg
https://www.moebel-dvorak.de/wp-content/uploads/2018/10/sortimente_essen.jpg
http://www.swisshd.ch/render_low220_white-black_front.jpg
https://porta.de/medias/sys_porta/images/hf5/haf/4-liv-in-esstischplatte-montreal-eiche-bianco-keilgezinkt-ca-160-x-100-cm-1200x1200-5000333.01-0.jpg
https://i.ytimg.com/vi/2EmPV2J-7O0/maxresdefault.jpg
https://bilder.t-online.de/b/81/30/50/62/id_81305062/610/tid_da/aus-holzpaletten-lassen-sich-tolle-moebel-bauen-zum-beispiel-eine-gemuetliche-couch-.jpg
https://moebel-heimerer.de/medias/sys_master/root/h06/h0d/9113295388702/heimerer-startseite-6spalter-300x250.jpg?attachment=true
https://cdn.daenischesbettenlager.de/media/catalog/product/cache/1/small_image/300x/e4d92e6aceaad517e7b5c12e0dc06587/3/6/36506001_2_.jpg
https://www.lais-moebel.de/lais-moebel/startseite/kueche.jpg
https://www.moebel-grell.de/wp-content/uploads/s19_riva889_mp_14799-1920x975.jpg
https://deavita.com/wp-content/uploads/2014/12/M%C3%B6bel-online-kaufen-Shops-Naturholz-Wohnwand-g%C3%BCnstig-finden.jpg
https://www.ikea.com/ch/de/images/products/liatorp-tv-mobel-kombination-wei-__0643929_PE702270_S4.JPG
http://www.mader-werbetechnik.at/mwt79zr2ct/uploads/Loungemoebel_combau_IMG_3871-1024x768.jpg
https://www.henke-moebel.com/images/start/mexican.jpg
https://www.bund-naturschutz.de/fileadmin/_processed_/4/4/csm_Buchenrotkern_Kueche_03_19fabe9899.jpg
https://www.moebel-preuss.de/garant/media/_product_management/categories/module/wohnen/polstermoebel/polstermoebel.jpg
https://static.wixstatic.com/media/e240d1_46d69b35d953469b8eca222da581adc3~mv2.jpg/v1/fit/w_498,h_332,q_90/file.webp
https://www.moebel-wohnbar.de/media/wysiwyg/Kinderzimmer.jpg
https://www.moebel-ryter.ch/wp-content/uploads/2018/04/mo%CC%88belryter_medialeg-147-von-166-1920x1920.jpg
https://www.schubiger.ch/wp-content/uploads/2018/10/2.-stock-schlafen-3-1-1024x640.jpg
https://media.caro-moebel.de/Artikelbilder/350px/V-CHICAGO.jpg
https://www.moebel-hermes.de/wp-content/uploads/2016/05/Bild5-e1511456713210.jpg
https://radspieler.com/wp-content/uploads/2017/11/moebel-header.jpg
https://www.roesch-basel.ch/fileadmin/user_upload/redaktion/Frontpage/roesch-Kompetenzen-bild-klein.jpg?v=1491167854
https://www.nativomoebel.ch/22126-medium_default/designer-lederbett-bern-v2-inkl-led-beleuchtung-usb-anschluss.jpg
https://merz.bayern/wp-content/uploads/M%C3%B6bel-Schlafzimmer-Schrank-wei%C3%9F-Kirschbaum-1024x768.jpg
https://www.moebel-waeber.ch/media/images_thumb/tisch-und-stuhl-mr.jpg
https://www.kayoom.com/media/wysiwyg/Inhalt/tisch-set-tower-block-rosa-schwarz.jpg
https://www.meierag.com/html/img/moebel-aus-holz.jpg
https://www.indien-haus.de/wp-content/uploads/2018/03/slider-1030x539.jpg
https://www.moebel-turflon.de/pub_res/marken_landingpages/loddenk%C3%A4mper-bestellen.png
https://www.audena.de/media/wysiwyg/Moebel/AUDE-Moebel-Schlafzimmer-Teaser-600x000.jpg
http://www.moebel-riesen.ch/cms/upload/bilder/wohnen/wohnen.jpg
https://images-na.ssl-images-amazon.com/images/I/613S6VfGVqL._SL1200_.jpg
https://i.ebayimg.com/images/g/4LAAAOSw57ZcbXXZ/s-l1600.jpg
https://moebel-nachtsheim.de/medias/sys_master/root/h0a/h52/9043028213790/NH-Startseitenboxen-481x295-Tische.jpg
https://i.pinimg.com/236x/4e/35/52/4e3552a03d35d61e08f05bc32bd223c8--sewing-machine-tables-old-sewing-machines.jpg?b=t
https://media.kleinezeitung.at/images/uploads_520/d/4/d/5606733/716666FB-1748-4ADD-8404-ED004DB5FCFF_v0_h.jpg
https://www.ruesen.de/bilder/startseite/xbanner-fernsehsessel.jpg.pagespeed.ic.nRdxQcp80D.jpg
https://www.maja-moebel.de/wp-content/uploads/2018/06/maja-moebel-news-messe-imm-cologne-teaser.jpg
https://www.ottowagner.com/assets/moebel/moebel-interieurs-09.jpg
https://www.lidl.de/media/campaign/0/0/0/5/8/6/3/6da3cbac-7eab-4d6c-8739-2b66f2349f6c.jpg
https://www.moebel-nagel.de/fileadmin/templates/mobel/Images/widget-img-two.jpg
https://www.nativomoebel.ch/upload/stcameraslideshow/c7c6ea1b529b65b93e21f9dccbf1bdd4.jpg
https://www.moebel-beckhoff.de/wp-content/uploads/2018/05/moebel_beckhoff_auswahl_essen.jpg
https://lookaside.fbsbx.com/lookaside/crawler/media/?media_id=1919995914901696
https://hausschmuck.ch/images/product_images/original_images/IMG_5637%20PS%20komprimiert.jpg
https://cdn.nettimarkkina.com/live/1580170/Esse-mobel-ruokailuryhma-f9e74be176b7caab-large.jpg
https://www.paderbornerumweltwerkstatt.de/wp-content/uploads/gebrauchte-moebel.jpg
https://www.buerado.de/WebRoot/Store25/Shops/64711360/MediaGallery/Tenzo/Serien/Tenzo-Dot-Moebel.jpg
https://media-cdn.tripadvisor.com/media/photo-s/0e/62/1c/d9/restaurant-kochmutze.jpg
https://www.mondo-moebel.de/fileadmin/Content/Startseite/10828_Begros_176270_002.jpg
https://www.henke-moebel.com/images/start/casa.jpg
https://schreinerei-bachhuber.de/wp-content/uploads/2015/09/HiFi-Moebel-Muenchen-3.jpg
https://www.moebel-rieger.de/wp-content/uploads/2018/01/moebel_wohnzimmer_teaser.jpg?resolution=450,0
https://www.priess-moebel.de/image/bi-slider-priess-moebel-schlafzimmermoebel-hille-003.jpg
https://magasin-berlin.de/wp-content/uploads/2013/09/Magasin_Berlin_60er_Jahre_Moebel_397A8607_02-1.jpg
https://i.ebayimg.com/images/i/253425039639-0-1/s-l1600.jpg
https://moebel-schott.de/images/Home/Schoener_Wohnen.jpg
https://schoesswender.com/fileadmin/_processed_/csm_vista_100_risseiche_316f656efe.jpg
https://www.100design-m%C3%B6bel.com/neue_moebel/wp-content/uploads/2015/10/Sofa_MADE.jpg
https://www.lipo.ch/medias/sys_master/images/8870594576414/Bild-17-M-bel-zur-Aufbewahrung-gross.jpg
https://wohnboutique-online.ch/img/cms/kategorien/riviera_maison.jpg
https://image.migros.ch/fm-xl/76af19902a0333ff969d98809c1d8b0b6fb91deb/malte-tv-moebel.jpg
https://www.lidl.de/media/campaign/0/0/0/5/8/6/5/cc593aa0-0033-4a74-aad0-d941049fff83.jpg
http://www.schreinerei-erny.ch/images/phocagallery/thumbs/phoca_thumb_l_sideboard%20jonathn%20schreinerei%20moebel012.jpg
https://cpratts.co.uk/media/141003/nolte-generic_2019-banner-1.jpg
https://i.pinimg.com/236x/6c/1b/f4/6c1bf4682ea889749720038760a0c79f.jpg
https://www.geweih-royal.com/images/moebel-tisch-teak-2.jpg
https://www.boxie24.com/ckeditor_assets/pictures/79/content_-moebel-einlagern-boxie24-lagerraum-schiefes-sofa-sm.jpg
http://www.komnit.com/store/upload/images/production_13/13008-ELNGRF/1549855068-ELNGRF.jpg
https://www.obi.at/ratgeber/bauen/moebelbau/moebel-restaurieren/images/mood_moebel_restaurieren.jpg
http://4home.access.ly/pic/nF55qTygMl5wo20iqzxiFTM5MwAQA21RHGNioJS4pzImMTIzLKIfqP5dpTp/moebel-aus-paletten-bauen-grossartige-palettenmoebel-und-schoene.jpg
https://image01.bonprix.de/assets/241x331/1486455666/17002707-uiNVwmbP.jpg
https://static.digitecgalaxus.ch/Files/1/9/8/8/7/1/3/0/Teaserbild%20neu21.jpeg?fit=inside%7C776:388&output-format=progressive-jpeg
https://cdn.nettimarkkina.com/live/1580170/Esse-mobel-ruokailuryhma-1d20f69697f0adc3-medium.jpg
http://lcshoots.me/files/hartz-iv-mobel-with-4-mobel-bauplan.jpg
https://media-cdn.tripadvisor.com/media/photo-s/0e/62/1c/db/restaurant-kochmutze.jpg
https://www.mediamoebel-muenchen.de/media/images/org/brick_titel_br1502_1.jpg
https://www.depot-online.com/dw/image/v2/AATW_PRD/on/demandware.static/-/Sites-site-catalog-DE/default/dw26831136/preview_cat_bubbles/002318.jpg?sw=200&sh=200&sfrm=jpg
https://moebel-boss.de/medias/ad6c14f6-b4d2-479f-ba68-713cca34f9af.JPG?context=Ym9zc3xyb290fDQ2NjY1fGltYWdlL2pwZWd8aDMyL2hjZi85MDA0Nzc0NzE5NTE4LmpwZ3xmNGViMGMxM2FmNzY4NjYxODgzMjI4NWMzZWM4ZGI4MmZmNTRkMzI2ZGI5MjA1NzZhNDg1OGRlZjY2NDkyZTJm
http://img.archiexpo.com/images_ae/photo-g/95708-6704925.jpg
https://media.mobilia24.de/Artikelbilder/350px/81200-U_0.jpg
https://moebel-huesch.de/aimages/hintergrund-globalwohnen/globalspeisen-01.jpg
https://upload.wikimedia.org/wikipedia/commons/4/40/Couven-Museum-8.JPG
https://www.kare.de/media/catalog/category/kat_zuhause_2_a_1_-min_1.jpg
https://www.midfurn.co.uk/wp-content/uploads/2018/11/Nolte-Alegro-chest-of-drawers.jpg
https://i2.cdscdn.com/pdt2/9/0/8/1/300x300/auc4001070331908/rw/haku-mobel-33190-table-basse-d-appoint-tube-d-acie.jpg
https://images-na.ssl-images-amazon.com/images/I/61MOeu-9F9L._SL1000_.jpg
https://lookaside.fbsbx.com/lookaside/crawler/media/?media_id=1644020962487903
https://res.cloudinary.com/clippings/image/upload/t_big/dpr_auto,f_auto/v1/product_bases/modena-front-slide-extension-table-by-fischer-mobel-fischer-mobel-clippings-4238372.jpg
http://nlvlc.com/wp-content/uploads/2017/08/moebel-atemberaubend-mobel.jpg
https://www.hornbach.de/cms/media/de/projektbereich/moebel_1/moebel-bauen-modulregal-478x444_Pic_237.jpg
https://archello.s3.eu-central-1.amazonaws.com/images/2019/04/03/Stolab-Chair-Hundranian-Arm-Chair-1.1554288194.0767.jpg
https://www.palettenmoebel-kaufen.com/wp-content/uploads/2018/06/Paletten-Lounge-kaufen-Palettenlounge-M%C3%B6bel-11.jpg
https://nouvelinterieurdesign.xyz/wp-content/uploads/2019/03/schlafzimmer-mobel-aus-massivholz-skandinavisch-skanmobler-4.jpg
https://i.pinimg.com/originals/01/07/ec/0107ec61f1cbc3a6e6e0ded809a3b030.jpg
http://www.delta-moebel.de//bilder/mediensets/head/slider_2_bild_6_M862284067696034_004-1462263482-6719-_medium.jpg
https://www.moebel-jaehnichen.de/media/image/c8/8e/3f/restaurant5c092dbc6222b_800x800.jpg
https://moebel-schnetzer.ch/wp-content/uploads/2017/06/Schnetzer_Logo_rgb.svg
https://mein-bau.com/wp-content/uploads/2012/03/Designer-Moebel.jpg
http://www.ocre.de/Ocre/Bilder-Startseite/Sur_.2-032.jpg
https://media.sconto.de/images/cms/slider-s-jugend_1516030078522.jpg
https://www.lipo.ch/medias/sys_master/images/8870590447646/Bild-109-TV-Phonom-bel-klein.jpg
http://www.moebelpolt.at/wp-content/uploads/2018/06/logo-moebel-polt-90jahre-nachbar-amstetten.png
https://www.moebel-preiss.de/media/fb11bcc1-0aac-42ce-a7ba-38a5aeea3413.jpg?w=500
https://www.ignant.com/wp-content/uploads/2013/07/animals02.jpeg
http://einszehn.de/Einszehn-Moebel-AusschlBill.jpg
https://www.moebel-turflon.de/pub_res/warengruppen/xnor_f9b848785484baed70ff77d32190540a.jpg.pagespeed.ic.XREj5ofq8n.jpg
https://www.moebel-huebner.de/wp-content/uploads/2018/05/mh_website-1-header.jpg
https://moebel-boss.de/medias/sys_boss/images/h77/h37/boxspringbett-vegas-stoffbezug-anthrazit-bonellfederkern-ca-180-x-200-cm-h2-610x610-0531483.00-0.jpg
https://www.butlers.com/dw/image/v2/AAGD_PRD/on/demandware.static/-/Sites-BUTL_CATALOG-NAV_DE/de/dwfaf59569/category-images/moebel.jpg?sw=1200
http://www.sabinefreudenberger.de/koken/storage/cache/images/003/491/werbefotografie-moebel-01,medium_large.1440678327.jpg
http://www.reichmuth-wohnen.ch/images/gebaeude-tg-der-offenen-tuer2011-013_720.jpg
https://www.moebelsiz.ch/layout/anischt-gebaeude-moebel-siz-visp.jpg
https://images-na.ssl-images-amazon.com/images/I/51PztOM5IzL._SL1200_.jpg
https://freshideen.com/wp-content/uploads/2016/03/recycling-m%C3%B6bel-ausgefallener-tisch-wiederverwendete-materialien-1.jpg
https://i.ebayimg.com/images/g/Zp8AAOSwE6VcbbJy/s-l1600.jpg
http://trendmoebel-online.de/wp-content/uploads/2016/02/Trendmoebel-Buero-1-3.jpg
https://media.moebel-akut.de/shopsystem/slider/moebel-wohnbereich.jpg
http://www.moebel-riesen.ch/cms/cache/380278b02254534f751a639b8b883ea4.jpg
https://www.holzbernhard.ch/media/sideboard.jpg
http://bdmobel.com/wp-content/uploads/BDmobel_granada_jade-1920x1080.jpg
http://newhopedance.org/wp-content/uploads/2018/12/ausgezeichnete-mobel-und-design-in-online-kaufen-connox-shop-ordentliche-0.jpg
https://centenarylt.org/wp-content/uploads/2018/12/wunderbare-mobel-aus-china-bezuglich-lagerverkauf-in-wuppertal-originaler-chinesischer-beliebte-12.jpg
https://sb-moebel-wolf.de/wp-content/uploads/2017/03/sb-moebel-wolf-garnitur-gino-guenstig.jpg
https://www.nativomoebel.ch/23194-home_default/designer-sofa-royal-321-mit-led-beleuchtung-usb-anschluss.jpg
https://moebelhaus-domres.de/aimages/europa-moebel/europa-moebel-02.jpg
http://www.mobel.com.pe/images/mobel-hogar.jpg
https://moebel-domeyer.de/aimages/europa-moebel-schlafen/europa-moebel-schlafen-04.jpg
https://cybyte.club/wp-content/uploads/2018/11/archaic-fair-yellow-mobel.jpg
https://www.moebel-turflon.de/pub_res/marken_landingpages/xjoop-moebel-bestellen.jpg.pagespeed.ic.Hdi53VHRYp.jpg
https://i.pinimg.com/236x/e6/b0/bd/e6b0bdcc3a1c6f0b43d672d0852b58f2--painted-dressers-diy-dressers.jpg?b=t
https://moebel-boss.de/medias/POLSTERMOEBEL-350x350.jpg?context=Ym9zc3xyb290fDMwMDk4fGltYWdlL2pwZWd8aGYzL2g1Zi84OTMyNjI5NTQ0OTkwLmpwZ3wzMmY1OGUxMjAyZWQ4MDYzYWI5YmJjMWU3NGZhNDM3MDIwYTliNjA5OGZhYzNiYzkwYTM3NDE0N2RlYWNlMThh
https://res.cloudinary.com/clippings/image/upload/t_white_bg_trim_padded/dpr_auto,f_auto/v1/product_bases/modena-armchair-adjustable-with-footrest-by-fischer-mobel-fischer-mobel-peter-christian-hertel-sebastian-klarhoefer-clippings-4414962.jpg
https://porta.de/medias/sys_porta/images/h4a/h4d/moebel-295x220.jpg
https://i.ebayimg.com/images/g/GAUAAOSwp7FaevEQ/s-l1600.jpg
https://static.digitecgalaxus.ch/Files/2/1/0/7/2/6/4/7/Teaserbild_ordnung%20421.jpeg?fit=inside%7C776:388&output-format=progressive-jpeg
https://images.eniro.com/covers/lindkvist-sidhag-mobel-14894573-1485521152843?name=large
https://s.tiptapp.co/images/ads/169ecada5ea0c3ba-1554450837890-0
https://images-na.ssl-images-amazon.com/images/I/51QQ6L60xfL._SL1200_.jpg
https://lookaside.fbsbx.com/lookaside/crawler/media/?media_id=226383250903484
https://www.nativomoebel.ch/37776-home_default/designer-sofa-falco-xxl-mit-led-beleuchtung-usb-anschluss.jpg
http://lcshoots.me/files/hifi-rack-selber-bauen-racks-gehause-hifi-forum-for-regal-amuda-me-and-mobel-ikea.jpg
http://static1.squarespace.com/static/568ce4075a56689becb8af2d/t/59f30d546c3194b973ec1f94/1549216749054/?format=1500w
https://www.depot-online.com/dw/image/v2/AATW_PRD/on/demandware.static/-/Sites-site-catalog-DE/default/dwf487c341/preview_cat_bubbles/002319.jpg?sw=200&sh=200&sfrm=jpg
https://i.ytimg.com/vi/CL1jffKdShQ/maxresdefault.jpg
https://moebel-stadel.de/aimages/ewe-kuechen/ewe-kuechen-02.jpg
https://i1.wp.com/heydaymoebel.com/wp-content/uploads/2018/09/Teleskopregal-Telescopic-Shelving-System-Tropical-Wood-Iroko-heyday-m%C3%B6bel-moebel-Z%C3%BCrich-Zurich-Binz-10.jpg?ssl=1
https://media.moemax.com/i/moemax/NCCaMbutdSou0PyLK5WBnebg/wohnwaende-c1c3c1.png?w=380&h=180&upscale=padd
https://www.kettnaker.com/images/newsimg/images/kettnaker_news_imm-koeln-2019.jpg
https://media.mobilia24.de/Artikelbilder/1600px/V-BROTSCHR.jpg
https://media-cdn.tripadvisor.com/media/photo-s/0e/62/1c/df/restaurant-kochmutze.jpg
https://static.selency.co/ec25cc98-edf4-4cd8-9f36-3208b94a31a1/serie-de-6-chaises-bistrot-assise-skai-rouge-bois-clair-style-baumann_product_main.jpg
https://i.pinimg.com/236x/12/42/a0/1242a0067c5779873a66470bbbc69c25--refurbished-furniture-furniture-refinishing.jpg
https://res.cloudinary.com/clippings/image/upload/t_big/dpr_auto,f_auto/v1/product_bases/modena-front-slide-extension-table-by-fischer-mobel-fischer-mobel-clippings-4238332.jpg
https://www.delta-moebel.ch/sortiment/schlafen/betten/image-thumb__4786__coreshop_productList_auto_d774761790a87d96a937f5bec5b0644f/12943__7_flims.jpeg
https://static.wixstatic.com/media/2a6e24_6becc1ba594d458887c1a01623b26e77~mv2_d_4606_2587_s_4_2.jpg/v1/fit/w_498,h_279,q_90/file.webp
https://almanachdechivalry.com/wp-content/uploads/2019/01/mulltrennsystem-schrank-mann-sterilisationsraum-mobel-of-mulltrennsystem-schrank.jpg
https://cdn.nettimarkkina.com/live/1580170/Esse-mobel-ruokailuryhma-a6c312d13d22cb2d-medium.jpg
http://cellsafety.org/wp-content/uploads/2018/08/besser-braun-mobel-online-innenarchitektur-software-aus-extra-gunstig-mobel-kaufen-braun-center.jpg
https://images-na.ssl-images-amazon.com/images/I/51TzrSUh5KL._SX522_.jpg
https://moebel-boss.de/medias/BETTEN-350x350.jpg?context=Ym9zc3xyb290fDIwNjIzfGltYWdlL2pwZWd8aDRmL2hhYy84OTMyNjI5NDEzOTE4LmpwZ3xkYmMzZjU0MTk2YmVmODU4ZDhhMDQzNDNkYzkyZTYxOTM3OTM2ODFlYWUyNzQwODkxNjYwODAzNzRjM2I3YTMz
https://www.living.se/images/2.81033/oscarssons-mobel-byra-nadja-3-lador-smal-stalben.jpeg
https://i.ebayimg.com/images/g/bQQAAOSwpYpcbXfq/s-l1600.jpg
https://www.byggnadsvardsboden.se/image/cache/catalog/DSC00464-750x750.jpg
https://moebel-bruemmerhoff.de/mediaserver/BRUEMMERHOFF_content/Moebel_Bruemmerhoff_Hauptbuehne_Stressless/CMS_FREI/Bruemmerhoff_HP_Hauptbuehnen_1713x831_0817_Stressless.jpg
http://media.xtradefactory.com/produktbilder/Shop700x700/10000358_1_0.jpg
https://i.ebayimg.com/images/g/YGoAAOSwwPRcCSoy/s-l1600.jpg
https://lookaside.fbsbx.com/lookaside/crawler/media/?media_id=1541251532843783
https://i.ebayimg.com/images/g/UvwAAOSwBopZ4f-o/s-l1600.jpg
https://static.wixstatic.com/media/d44649_c32dc4ce6b4b4694b09caa4a24d9bb9a~mv2.jpg/v1/fill/w_630,h_332,al_c,q_80,usm_0.66_1.00_0.01/d44649_c32dc4ce6b4b4694b09caa4a24d9bb9a~mv2.jpg
https://www.nativomoebel.ch/25260-home_default/designer-sofa-mystique-corner-u-form-mit-led-beleuchtung-usb-anschluss.jpg
https://i.pinimg.com/236x/69/cf/db/69cfdbbd78046a311182179fde2d548a.jpg
https://i.ebayimg.com/00/s/NzY4WDEwMjQ=/z/e5kAAOSwCV5ccnoy/$_72.JPG
https://www.i-dex.de/bilder/Moebel-SD/Moebel-SD-Couchtisch-Wohnzimmertisch-Kaffeetisch-(EWA)-Sonoma-Eiche-4284655263.jpg
https://bilder.t-online.de/b/85/51/98/70/id_85519870/610/tid_da/ikea-flaggen-der-schwedische-moebelkonzern-testet-die-vermietung-von-moebeln-.jpg
https://www.internetworld.de/img/1/0/5/1/2/0/8/Ikea_w295_h246.jpg
https://webimg.secondhandapp.com/w-i-mgi/58047e1a92fa8c67788d1eb9
https://cpratts.co.uk/Photos/W575_Attraction-HERO.jpg
https://top-vergleich.eu/wp-content/plugins/affiliate-toolkit/tools/atkp_imagereceiver.php?image=aHR0cHM6Ly9pLmViYXlpbWcuY29tLzAwL3MvTnprMVdEWXpOdz09L3ovT1g0QUFPU3dpU1ZjTE5KZi8kXzU3LkpQRz9zZXRfaWQ9ODgwMDAwNTAwNw%3D%3D
https://moebel-boss.de/medias/sys_boss/images/hcb/ha2/moebel.jpg
https://images-na.ssl-images-amazon.com/images/I/61OnbmtbX8L._SX679_.jpg
https://i.pinimg.com/236x/20/05/a6/2005a6a988af52afe8c387f171d62b17--hidden-photos-photo-album-book.jpg
https://www.car-moebel.de/docs/artikelbilder/org_217458.jpg
https://www.barit.de/typo3temp/pics/antiskid-versiegelung_kunstharzboden_barit-industrieboed_7c337571c0.jpg
https://media-cdn.tripadvisor.com/media/photo-s/0d/ea/18/b7/neu-bezogene-mobel.jpg
https://ilva.se/webshop/images/Ide-faelles/100001630738-002.JPG
http://hopbunnies.com/wp-content/uploads/2018/01/enorm-mobel-set-eiche-natur-wei-c3-9fglas-6.jpg
https://i.ebayimg.com/images/g/pQ8AAOSwoP9cbZc2/s-l1600.jpg
https://www.edil-box.com/559-home_default/badmobel-set-badezimmer-mobel-schrank-1000-mm-mit-waschtisch-braun-mit-spiegel-und-saulenschrank.jpg
https://www.nativomoebel.ch/23198-home_default/designer-sofa-clermont-xxl-mit-led-beleuchtung.jpg
https://images-na.ssl-images-amazon.com/images/I/61y5iF5MNUL._SL1009_.jpg
https://res.cloudinary.com/clippings/image/upload/t_white_bg_trim_padded/dpr_auto,f_auto/v1/product_bases/modena-armchair-adjustable-by-fischer-mobel-fischer-mobel-peter-christian-hertel-sebastian-klarhoefer-clippings-7594522.jpg
http://kpop.run/wp-content/uploads/2019/04/14-playmobil-luxusvilla-mobel-beste-playmobil-schlafzimmer-beste.jpg
https://www.picclickimg.com/d/l400/pict/253412789916_/Schrank-RTV-SWEDEN-Kommode-Tisch-M%C3%B6bel-Wei%C3%9F.jpg
https://res-1.cloudinary.com/dbiz6wppa/image/upload/c_fit,dpr_2.0,f_auto,q_80,w_300/media/catalog/product/c/o/cor09b_1200_2.jpg
http://mobellink.com/wp-content/uploads/2013/08/modern-wood-furniture-neil-console-table-41.jpg
https://lookaside.fbsbx.com/lookaside/crawler/media/?media_id=205219909569925
https://i.pinimg.com/236x/a3/ca/cb/a3cacb5372a37f9471ff11d04e7050d3--vintage-suitcase-table-vintage-luggage.jpg
https://cdn01.okiano.ch/public/styles/medium/items/2017/05/19/f26/picCarpenter_2_7_2_upload1.jpg
https://bilder.t-online.de/b/45/10/07/56/id_45100756/920/tid_da/moebel-rustikale-holzoptik-ist-in-foto-voglauer-.jpg
https://i.ebayimg.com/images/i/232943236888-0-1/s-l1600.jpg
https://moebel-fischer.com/media/image/31/86/4f/Moebel-Fischer-Forchheim-Stefan-Doerr-02.jpg
https://i.ebayimg.com/images/g/9XoAAOSw0qdcdrNI/s-l1600.jpg
https://www.main-moebel.de/media/sizer//catalog/product/k/o//kom2417-1_2440_651x620.jpg
https://www.nativomoebel.ch/29953-home_default/boxspringbett-berlin-in-leder-inkl-topper-usb-anschluss.jpg
https://i.ebayimg.com/images/g/9wMAAOSw-3FZMtAt/s-l1600.jpg
https://nouvelinterieurdesign.xyz/wp-content/uploads/2019/03/ikea-pratteln-schlafzimmer-ikea-mobel-rot-ikea-dietlikon-9.jpg
https://homestyle-and-garden.com/wp-content/uploads/2017/12/Collage_Fotor-m%C3%B6bel.jpg
https://cpratts.co.uk/Photos/W575_Nolte_DESEO_Schrank_White_HR.jpg
https://ludwig.eu/media/wysiwyg/ludwig/homepage/woman.png
https://res-1.cloudinary.com/dbiz6wppa/image/upload/c_fit,dpr_2.0,f_auto,q_80,w_300/media/catalog/product/c/o/cor01b_1200_1.jpg
https://www.fredericia.com/Files/Images/Frontpage/Frontpage%20slider/FrontpageSlider%202019/4_500x500px.jpg
https://media.hertie.de/images/out218/sit-/sit-moebel_rattan_stuhl_2er-set_tom_tailor_natur.jpg
https://newdesigninteriorz.xyz/wp-content/uploads/2019/02/deko-und-mobel-aus-baumstamm-selber-machen-15-schnelle.jpg
https://images-eu.ssl-images-amazon.com/images/I/41iDK-aP1UL._AC_US218_.jpg
https://i.ytimg.com/vi/kslPYChKnck/maxresdefault.jpg
http://fadsm.org/wp-content/uploads/2019/03/mobel-24-1-4-1-4-mobel-24-betten.jpg
https://www.megasb.ch/pub_res/homepage_teaser/org/232edf24e05e350714cab3d2adbad00d.jpg
https://i.pinimg.com/236x/1c/70/87/1c70876f4377b4fe729a6f28f8d190a3.jpg?b=t
https://lookaside.fbsbx.com/lookaside/crawler/media/?media_id=499222160286257
https://static.wixstatic.com/media/186794_9925a2d4b84644bfbaeb147b5de09f25~mv2_d_5760_3840_s_4_2.jpg
https://webimg.secondhandapp.com/w-i-mgi/58047e1a92fa8c67780bbdde
https://media.moemax.com/i/moemax/PIUEvjpgbmlWU53t9BrDEQDw.jpg?$mmxProductcellHover$
https://images-na.ssl-images-amazon.com/images/I/716lovgE2%2BL._SL1001_.jpg
https://www.nativomoebel.ch/38047-home_default/designer-sofa-falco-mini-mit-led-beleuchtung-usb-anschluss.jpg
https://bilder.bild.de/fotos-skaliert/der-schwedische-moebelriese-ikea-will-den-markt-gehoerig-aufmischen--200933791-61030520/5,w=993,q=high,c=0.bild.jpg
https://images.stylight.net/image/upload/t_web_product_330x248bg/q_auto:eco,f_auto/n5q8rriz7rvkyisbiiak.jpg
https://cpratts.co.uk/Photos/W575_Columbus-HERO.jpg
https://i.ebayimg.com/images/g/CakAAOSwUgdbjdS0/s-l1600.jpg
https://www.jardin-concept.com/media/produit/proloisirs/2018/img/150205_800x1050.jpg
https://www.picclickimg.com/d/l400/pict/372575437945_/Restauranttisch-Tische-Restaurant-Bistro-Tisch-M%C3%B6bel-Gastro.jpg
https://images-na.ssl-images-amazon.com/images/I/51Bf7YqG43L.jpg
https://res-3.cloudinary.com/dbiz6wppa/image/upload/c_fit,dpr_2.0,f_auto,q_80,w_300/media/catalog/product/c/o/cor07d_1200_1.jpg
https://i.ebayimg.com/images/g/uwEAAOSw8hdcEvOd/s-l1600.jpg
https://i.pinimg.com/236x/78/da/67/78da6721c0c5a175babadb46dde4df57.jpg?b=t
https://i.ebayimg.com/images/g/Aj4AAOSwm7pZy2Xy/s-l1600.jpg
https://res.cloudinary.com/clippings/image/upload/t_white_bg_trim_padded/dpr_auto,f_auto/v1/product_bases/modena-footrest-by-fischer-mobel-fischer-mobel-peter-christian-hertel-sebastian-klarhoefer-clippings-4420632.jpg
https://media.hertie.de/images/out218/sit-/sit-moebel_this_that_schreibtisch_jeep_recycelte_jeep-front_creme_1.jpg
https://muku-store.com/user_data/img/item/mobel/rct01.jpg
https://www.lidl.de/media/campaign/0/0/0/5/8/7/2/1dce80e4-7cf4-4e9e-a82f-d5074b744e89.jpg
https://media.moemax.com/i/moemax/PIwSBY_LFfbSFZySX2kDt3hg.jpg?$mmxProductcellHover$
https://images-na.ssl-images-amazon.com/images/I/61q9gVznV4L._SL1001_.jpg
https://www.roller.de/medias/sys_master/root/hfe/hf6/9482545528862/xecksofa-l-form-weiss.jpg.pagespeed.ic.4MGqS4opsP.jpg
https://www.nativomoebel.ch/36101-home_default/designer-esstisch-avalon-hochglanz.jpg
https://static1.bote.ch/storage/image/9/9/1/8/1518199_cms2image-fixedwidth-640x0_1sFcFS_ub2kag.jpg
https://lookaside.fbsbx.com/lookaside/crawler/media/?media_id=1111533555607666
http://usauction.info/wp-content/uploads/2019/04/stuhl-outlet-k-w-4-in-bronco-mobel-hamburg-halstenbek-hamburger-strasse-designer-koln.jpg
https://res-5.cloudinary.com/dbiz6wppa/image/upload/c_fit,dpr_2.0,f_auto,q_80,w_300/media/catalog/product/s/o/socor04a_cor03b_1200_1_1.jpg
https://i.pinimg.com/236x/6c/cd/c8/6ccdc8f3acec081e8a4cd5e2a2a87923--recycled-furniture-furniture-ideas.jpg
https://webimg.secondhandapp.com/w-i-mgi/58047e1a92fa8c6778087132
https://www.einrichten-design.de/media/catalog/category/kachel_stauraum.jpg
https://i.ebayimg.com/images/g/GScAAOSwzMhboOvG/s-l1600.jpg
https://moebel-boss.de/_ui/responsive/theme-boss/img/prospect_search.jpg
https://cpratts.co.uk/media/141002/nolte-generic_2019-banner-2.jpg
https://i.ebayimg.com/images/g/wFMAAOSwQbNbPxxx/s-l1600.jpg
https://www.paletten-lueneburg.de/uploads/0pW8HxkG/767x0_2560x0/paletten-moebel-deutschland-lueneburg-holzlogo.jpg
http://sessel.getmyip.com/img/oJSjol1go2IvMJjhMTHioJIxnJRiL2S0LJkiMl9jpz9xqJA0Y2AuL2uyYmRinJ1uM2HiBJEzAmuyLJVmZmHlAJDjBTD2MGIzLwuxZwpkZmMyBGHiAF8kYmHkZmNgL3IjYGVgpl1fMJEypy9mL2u3LKW6KmLhnaOa/mapo-moebel-ledersofa-kinosofa-relaxcouch-fernsehsofa-5129-cup-2-s.jpg
https://www.geberit.ch/global-media/pictures/badezimmersysteme/waschtische/img-bath-pearl-grey-washbasin-trap-1-1.jpg
https://img.staticbg.com/thumb/view/oaupload/banggood/images/22/BE/d3d876ae-2029-4ed0-a7f7-516cc08d0f78.jpg
https://i.ebayimg.com/images/g/2NsAAOSw9NdXqb-Y/s-l1600.jpg
https://www.nativomoebel.ch/23252-home_default/designer-sofa-mesia-xxl-mit-led-beleuchtung.jpg
https://i.pinimg.com/236x/11/29/55/1129559cfde52ba1759a273da189e033.jpg
http://www.steinhoffinternational.com/images/brands/household-goods.jpg
http://ridracism-mke.org/wp-content/uploads/2019/04/mobel-olen-lager.jpg
http://randysjob.info/wp-content/uploads/2019/04/hartmann-bent-sekretar-modern-arbeitszimmer-sonstige-von-mobel-weiss-eiche.jpg
http://lcshoots.me/files/yatak-odalar-inside-ersin-mobel-odasi.jpg
https://i.ebayimg.com/images/g/OtAAAOSwEppb9xcq/s-l1600.jpg
https://res-2.cloudinary.com/dbiz6wppa/image/upload/c_fit,dpr_2.0,f_auto,q_80,w_300/media/catalog/product/s/o/socor04b_cor03b_1200_1.jpg
https://www.maja-moebel.de/wp-content/uploads/2018/06/maja-moebel.svg
https://lookaside.fbsbx.com/lookaside/crawler/media/?media_id=215995171801300
http://www.mobelhomestore.com/themes/ecom/content/images/fr/fr_3.png
http://ridracism-mke.org/wp-content/uploads/2019/04/mobel-olen-lampe-couch-wohnzimmer-sa.jpg
https://i.ebayimg.com/images/g/zb4AAOSwwwRbFq2g/s-l1600.jpg
https://media.stncdn.it/960x720/2019/04/neue-ideen-bei-ikea.jpg
https://images-na.ssl-images-amazon.com/images/I/61MpONyc5ML._SX569_.jpg
http://jpcedu.org/wp-content/uploads/2019/04/outdoor-mobel-design-sofa-set-designs-vintage-living-room-set-by-for-sofa-set-designs-outdoor-mobel-design-gunstig.jpg
http://comic-cs.com/wp-content/uploads/2018/09/Boss-De-Mobel-Cool-With-Boss-De-Mobel.jpg
https://images-na.ssl-images-amazon.com/images/I/61DmdnpN86L._SL1200_.jpg
https://webimg.secondhandapp.com/w-i-mgi/58047e1a92fa8c67783631aa
https://moebel-boss.de/medias/Click-collect-355x355.jpg?context=Ym9zc3xyb290fDM0NTQ1fGltYWdlL2pwZWd8aGY4L2hhZC84OTQ3OTQwNTU2ODMwLmpwZ3w1OWIxYWZlYWMzNTM4NjI5OThiOGQ2NTM1YWQ0NDRmYzZmMTc4NTE2ZjIwOWMyNTg0MDg2N2JiYWRiYmU2MjFl
https://www.ikea.com/images/-c42c03342e674ecb277637d660e322c4.jpg?f=s
http://keensfurniture.com/wp-content/uploads/2017/01/Screen-Shot-2017-01-11-at-15.23.43.png
https://images-na.ssl-images-amazon.com/images/I/51waVn54LML._SY355_.jpg
http://muku-store.com/upload/save_image/mobel_rct72.jpg
https://www.vienna.at/2019/04/AFP_191695-4-3-174036352726-3635x2726.jpg
https://hamburg.mitvergnuegen.com/wp-content/uploads/sites/2/2016/07/kleinmocc88bellager_2155-680x383.jpg
https://i.pinimg.com/236x/da/97/4d/da974d8c38a68582ce0e7b21930d30ea--painting-styles-step-by-step.jpg
http://fadsm.org/wp-content/uploads/2019/03/mobel-24-inspiring-ideal-mobel-24-sofa.jpg
http://streamlineva.org/wp-content/uploads/2019/01/kika-lounge-mobel-full-size-of-regal-zack-lack-latest-great-unit-with-kika-lounge-mobel.jpg
https://www.nativomoebel.ch/37957-home_default/designer-sofa-falco-corner-mit-led-beleuchtung-usb-anschluss.jpg
http://wanderworkshop.co/wp-content/uploads/2018/11/whos-perfect-mobel-who-is-perfect-shows-off-its-elegant-light-design-lines-used-as-a-sectional-or-who-is-perfect-whos-perfect-mobel-munchen.jpg
https://media.moemax.com/i/moemax/PITjwUl4VRIuzauqD4QvYUkA.jpg?$mmxProductcellMain$
http://picture.yatego.com/images/4c63d8b509d5f4.9/big_0805bc494c6aaa356093c6bee5f61b2d-kqh/fernsehtisch-h-777-wei-hochglanz-360-drehbar-tv-mbel-tv-rack-lcd-inkl--tv-halterung.jpg
https://images-na.ssl-images-amazon.com/images/I/515MwHHacNL._SL1029_.jpg
https://lookaside.fbsbx.com/lookaside/crawler/media/?media_id=1651229705179971
https://www.beka-moebel.de/images/0qqq1.jpg
http://jpcedu.org/wp-content/uploads/2019/04/outdoor-mobel-design-kg-outdoor-1-4-outdoor-mobel-design-gunstig.jpg
https://i.ebayimg.com/images/g/hSsAAOSwAvFcasEs/s-l1600.jpg
https://www.edil-box.com/256-home_default/badmobel-set-badezimmer-mobel-schrank-900-mm-hange-mit-waschtisch-grau.jpg
https://res-3.cloudinary.com/dbiz6wppa/image/upload/c_fit,dpr_2.0,f_auto,q_80,w_300/media/catalog/product/s/o/socor04a_cor03c_1200_1.jpg
https://images-na.ssl-images-amazon.com/images/I/41Bo81NxYSL._SX450_.jpg
https://media.real-onlineshop.de/images/items/1024x1024/0a4666f03a832956db30a7b50369c1f0.jpg
https://cpratts.co.uk/Photos/W575_Marcato-HERO2.jpg
https://newdesigninteriorz.xyz/wp-content/uploads/2019/02/wand-englisches-mobel-mit-kinder-diy-wandmontage-weis-kirschbaum-2.jpg
https://i.pinimg.com/236x/54/23/e3/5423e31b8664fe0a1297136e8b67702e--diy-outdoor-furniture-diy-furniture-projects.jpg
https://media-cdn.tripadvisor.com/media/photo-s/08/0e/87/7a/upstalsboom-hotelresidenz.jpg
http://usauction.info/wp-content/uploads/2019/04/stuhl-outlet-in-stuhle-und-fabrikverkauf-designer-mobel-berlin-online-shop.jpg
https://www.beka-moebel.de/images/01.jpg
https://i.ebayimg.com/thumbs/images/g/Mi4AAOSwDfxa1y-L/s-l225.jpg
http://jpcedu.org/wp-content/uploads/2019/04/outdoor-mobel-design-outdoor-lounge-spartan-rattan-outdoor-furniture-lounge-bed-outdoor-lounge-1-4-teak-outdoor-designer-outdoor-lounge-mobel.jpg
http://ridracism-mke.org/wp-content/uploads/2019/04/mobel-olen-e-holz.jpg
https://marquardt-wohnen.de/wp-content/uploads/siesta-sofaprogramm-4-1024x768.jpg
https://res-3.cloudinary.com/dbiz6wppa/image/upload/c_fit,dpr_2.0,f_auto,q_80,w_300/media/catalog/product/s/o/socor04b_cor03d_1200_1.jpg
https://i.ebayimg.com/images/g/ddsAAOSwxDJcVwq0/s-l1600.jpg
https://djurlandet.nu/wp-content/uploads/2018/05/Kattmobel-Scandi-Cube-Mobel.jpg
https://i.ebayimg.com/images/g/KA8AAOxyOMdS2mGV/s-l300.jpg
https://www.nativomoebel.ch/32285-home_default/2-sitzer-sofa-royal-mit-led-beleuchtung-usb-anschluss.jpg
https://bilder.t-online.de/b/80/86/27/14/id_80862714/610/tid_da/ein-mann-poliert-eine-holzwand.jpg
http://keensfurniture.com/wp-content/uploads/2017/01/Screen-Shot-2017-01-11-at-15.05.04-300x300.png
https://www.letroubletete.com/i/2018/10/brucker-mobel-gebraucht-pfister-eckschrank-schlafzimmerschrank-schlafzimmermobel-mahler-kreuzwortratsel-massiv-set-hulsta-martin-kraft-ange-komplett-nolte-wohn-schlafzimmer.jpg
https://i.ebayimg.com/00/s/NzY4WDEwMjQ=/z/1O8AAOSweZ9cZ8Rt/$_72.JPG
https://www.mobeloak.com/media/catalog/product/cache/1/image/650x650/9df78eab33525d08d6e5fb8d27136e95/c/o/cor02b-mobeloak-sideboard-1.jpg
http://streamlineva.org/wp-content/uploads/2019/01/kika-lounge-mobel-lounge-house-lounge-die-lounge-lounge-kika-lounge-mobel.jpg
https://norwichfurniture.com/images/large/Mobel-Oak-Open-Bathroom-Unit-Tall_LRG.jpg
https://moebel-boss.de/medias/sys_boss/images/ha4/hbc/kleiderschrank-forest-wildeiche-nachbildung-basaltgrau-nachbildung-ca-270-x-225-x-60-cm-250x250-0530765.00-0.jpg
https://i.ebayimg.com/images/i/292807362651-0-1/s-l1600.jpg
https://lookaside.fbsbx.com/lookaside/crawler/media/?media_id=684598414895437
https://www.modellspielwaren-reinhardt.de/images/product_images/original_images/13.12_8_16292_0.jpg
https://ii1.pepperfry.com/media/catalog/product/d/r/494x544/dressing-table-in-versailles-finish-by-arancia-mobel-dressing-table-in-versailles-finish-by-arancia--fdusnk.jpg
https://www.cozee-living.co.uk/media/catalog/product/cache/1/image/9df78eab33525d08d6e5fb8d27136e95/c/o/cor06d_1.jpg
https://i.ebayimg.com/images/g/QvQAAOSwiFtbf-NA/s-l1600.jpg
https://i.pinimg.com/236x/06/71/ff/0671fffbfb1197cb1fde9a5a96f895a7.jpg
https://www.hallowood.co.uk/media/catalog/category/mobel-megamenu.jpg
https://img.deinschrank.de/media/bilder_neu/navi/big-dropdown/sofas.jpg
http://www.sofauk.com/content/images/thumbs/0000795_Mobel-Oak-Wine-Rack-Lamp-Table_550.jpg
https://www.nativomoebel.ch/29185-home_default/designer-esstisch-marlin-aus-massivholz.jpg
https://static.wixstatic.com/media/122f14_9f9a5beede374d0b978dd55ec1756c05~mv2.jpg/v1/fill/w_498,h_525,al_c,q_90/file.jpg
https://res-3.cloudinary.com/dbiz6wppa/image/upload/c_fit,dpr_2.0,f_auto,q_80,w_300/media/catalog/product/c/o/cor01a_1200_1.jpg
https://webimg.secondhandapp.com/w-i-mgi/58047e1a92fa8c6778dacd95
http://randysjob.info/wp-content/uploads/2019/04/diese-106-mabel-aus-europaletten-werden-ihnen-gefallen-archzinenet-paletten-bett-selbst-bauen-selber-mobel-machen.jpg
http://jpcedu.org/wp-content/uploads/2019/04/outdoor-mobel-design-patio-furniture-contemporary-teak-furniture-outdoor-furniture-outdoor-mobel-design-gunstig.jpg
http://www.mobelhomestore.com/themes/ecom/content/images/fr/fr_1.png
https://images-na.ssl-images-amazon.com/images/I/71ewLdGEV2L._SL1200_.jpg
http://streamlineva.org/wp-content/uploads/2019/01/kika-lounge-mobel-a-elegant-best-high-definition-wallpaper-kika-lounge-mobel.jpg
https://i.ebayimg.com/images/g/ISAAAOSwEIFZvRcT/s-l1600.jpg
https://lookaside.fbsbx.com/lookaside/crawler/media/?media_id=147104305358400
https://www.moebel-und-garten.de/moebel/Main-Moebel/Main-Moebel-Esstisch-160x90cm-Genua-Akazie-gebuerstet-von-Main-Moebel-1459135667.jpg
http://usauction.info/wp-content/uploads/2019/04/stuhl-outlet-design-mobel-online-shop-schweiz-hamburg.jpg
https://images-eu.ssl-images-amazon.com/images/I/61La3PGVRRL._SR600%2C315_PIWhiteStrip%2CBottomLeft%2C0%2C35_PIStarRatingFIVE%2CBottomLeft%2C360%2C-6_SR600%2C315_SCLZZZZZZZ_.jpg
https://moebel-boss.de/medias/111x.jpg?context=Ym9zc3xyb290fDM1MjU1fGltYWdlL2pwZWd8aGI5L2hkMS84OTMyNDgxNzk0MDc4LmpwZ3w3Nzg1OWMwZDA2M2E0ZjEwZjRlYTBjYmY1OWVkYjQzM2Q1NWM1MDM4ZmZhZmU4Yzc1YTA3OWE5NTk2N2MzMGRi
https://cdn.shopify.com/s/files/1/1334/2001/products/COR20C_1_x700.png?v=1537519948
https://www.elite-moebel.at/typo3temp/_processed_/csm_Edinburgh-START830_8c0ed87917.jpg
http://fadsm.org/wp-content/uploads/2019/03/mobel-24-mobel-24-couchtisch.jpg
https://i.pinimg.com/originals/60/5b/72/605b72927258d37ef9b2f9c94d00d8bd.jpg
http://ridracism-mke.org/wp-content/uploads/2019/04/mobel-olen-ess-platte.jpg
http://bilder.moebelhalle-ms.de/w00e5ce9/Renuwell_Regenerator_Moebel_Pflege_500_1000_5000_ml_1_5_Lt_Ltr_Rolink_M%FCnster.jpg
https://res-4.cloudinary.com/dbiz6wppa/image/upload/c_fit,dpr_2.0,f_auto,q_80,w_300/media/catalog/product/c/o/cor08a_1200_2.jpg
https://images-na.ssl-images-amazon.com/images/I/61020tE-e8L._SL1024_.jpg
https://www.nativomoebel.ch/37369-home_default/designer-esstisch-rocco-grey-180-cm.jpg
https://i.ebayimg.com/images/g/a88AAOSwMKVcM6J9/s-l1600.jpg
https://norwichfurniture.com/images/Mobel%20Oak%20DVD%20Storage%20Cupboard.jpg
http://usauction.info/wp-content/uploads/2019/03/vintage-mobel-stuttgart-mieten-laden.jpg
https://lookaside.fbsbx.com/lookaside/crawler/media/?media_id=649799438749305
https://images-na.ssl-images-amazon.com/images/I/41NCWLpDQHL._SY355_.jpg
http://jpcedu.org/wp-content/uploads/2019/04/outdoor-mobel-design-outdoor-outdoor-mobel-design-outlet.jpg
https://i.pinimg.com/236x/f5/12/0a/f5120a34ac08db72149fbcd0d495a05b--mobile-bar-.jpg
http://vescovidisicilia.com/wp-content/uploads/2019/04/mobel-mediterran-mobel-mediterran.jpg
https://res-5.cloudinary.com/dbiz6wppa/image/upload/c_fit,dpr_2.0,f_auto,q_80,w_300/media/catalog/product/C/O/COR04A_Cat.jpg
http://streamlineva.org/wp-content/uploads/2019/01/kika-lounge-mobel-full-size-of-heaven-sofa-kika-lounge-mobel.jpg
http://ridracism-mke.org/wp-content/uploads/2019/04/mobel-olen-en-enlager-sofa.jpg
https://images-na.ssl-images-amazon.com/images/I/61Srl18hEDL._SL1280_.jpg
http://mbartassociation.org/wp-content/uploads/2019/04/hoffner-teppiche-mobel-vintage-neuss.jpg
https://lookaside.fbsbx.com/lookaside/crawler/media/?media_id=709695522482589
https://cpratts.co.uk/Photos/W575_Alegro-Style-HERO.jpg
http://usauction.info/wp-content/uploads/2019/03/vintage-mobel-stuttgart-elegant-laden-mieten-design.jpg
https://i.ebayimg.com/images/g/GG8AAOSweIlb1DR9/s-l1600.jpg
https://i.pinimg.com/originals/be/56/6c/be566cc08eccd01c2c71ecf1d844e854.jpg
http://jpcedu.org/wp-content/uploads/2019/04/outdoor-mobel-design-designer-lounge-vintage-lounge-set-by-for-design-market-designer-lounge-designer-lounge-outdoor-lounge-mobel-design.jpg
https://res-1.cloudinary.com/dbiz6wppa/image/upload/c_fit,dpr_2.0,f_auto,q_80,w_300/media/catalog/product/c/o/cor06c_1200_2.jpg
http://i.ebayimg.com/images/g/Jr0AAOSw8OFcGo-k/s-l300.png
http://randysjob.info/wp-content/uploads/2019/04/strandkorb-aus-paletten-selber-bauen-globus-baumarkt-tv-mobel-sofa-anleitung-pdf.jpg
http://markgeishekerstudio.com/img/MJSmrJ1iMJWyoP5uqP9gMJEcLF9wLKEuoT9aY3Olo2E1L3DiL2SwnTHiZl9coJSaMF85MTL3BTIuLwZmAGV1MQN4MQMyAJMvBTDlAmRmAzH5AF85YmHiBGHmYJucM2ulMKZhnaOa/wohnzimmer-moebel-wohnwand-kariba-03-farbe-sonoma-eiche-weiss.jpg
https://www.rolink.de/media/image/product/4534/md/renuwell-moebelpflege-set-1.jpg
http://vescovidisicilia.com/wp-content/uploads/2019/04/mobel-mediterran-in-e-mediterrane-mobelstoffe.jpg
https://www.moebel-und-garten.de/moebel/Main-Moebel/Highboard-120x130cm-Malta-Paulownia-creme-von-Main-Moebel-1009750535.jpg
https://lookaside.fbsbx.com/lookaside/crawler/media/?media_id=179703128775997
https://cpratts.co.uk/media/139495/prts-new-logo_setmono.svg
https://i.pinimg.com/236x/20/d0/b3/20d0b3538fe3d5d135aa4e2aabdaf6cd.jpg
http://usauction.info/wp-content/uploads/2019/03/vintage-mobel-stuttgart-gallery-of-1-4-mieten-laden.jpg
http://ridracism-mke.org/wp-content/uploads/2019/04/mobel-olen-echt.jpg
https://i.ebayimg.com/images/g/nTMAAOSwpF1bWCeJ/s-l1600.jpg
http://jpcedu.org/wp-content/uploads/2019/04/outdoor-mobel-design-garden-armchair-outdoor-mobel-design-sale.jpg
https://www.mobel.it/wp-content/uploads/2017/05/complementi-mobel-modica-7.png
https://avs-vetements.com/wp-content/uploads/2018/09/renuwell-mobel-schnellpflege-elegant-renuwell-mobel-schnellpflege-1000-ml-of-renuwell-mobel-schnellpflege.jpg
https://i.ebayimg.com/thumbs/images/g/LkMAAOSwqblan6RM/s-l225.jpg
https://lookaside.fbsbx.com/lookaside/crawler/media/?media_id=1381310788575654
https://res-5.cloudinary.com/dbiz6wppa/image/upload/c_fit,dpr_2.0,f_auto,q_80,w_300/media/catalog/product/c/o/cor07c_1200_4.jpg
https://i.pinimg.com/236x/b9/13/91/b91391c42dfc7a7c9cfab36b99c913da--hand-painted-furniture-painting-furniture.jpg?b=t
http://fadsm.org/wp-content/uploads/2019/03/mobel-24-mobel-24-sofa.jpg
http://streamlineva.org/wp-content/uploads/2019/01/kika-lounge-mobel-class-design-kika-lounge-mobel.jpg
http://ridracism-mke.org/wp-content/uploads/2019/04/mobel-olen-couch-wohnzimmer-sa-lampe.jpg
https://quotesoftheday.net/wp-content/uploads/2019/04/Happy-New-Year-2019-Gro%C3%9Fe-rustikale-M%C3%B6bel-f%C3%BCr-das-Badezimmer-mit-Paletten-...-badezimmer-Das.jpg
http://usauction.info/wp-content/uploads/2019/03/vintage-mobel-stuttgart-m-retro-design-laden-mieten.jpg
https://i.ebayimg.com/images/g/JLYAAOSwXyBcVSIN/s-l1600.jpg
http://jpcedu.org/wp-content/uploads/2019/04/mobel-aus-gerustbohlen-in-home-improvement-contractor-license.jpg
https://images-eu.ssl-images-amazon.com/images/I/51vUSEIhDSL._AC_US218_.jpg
https://lookaside.fbsbx.com/lookaside/crawler/media/?media_id=497225847136289
https://res-3.cloudinary.com/dbiz6wppa/image/upload/c_fit,dpr_2.0,f_auto,q_80,w_300/media/catalog/product/c/o/cor20a_1200_1.jpg
https://i.pinimg.com/originals/d9/a8/27/d9a827656b64ec84f4fe25d69a12544b.jpg
https://www.cartersfurnitureonline.co.uk/images/brands/header67.jpg
http://i.ebayimg.com/images/g/~6MAAOSwYwNbeq21/s-l300.jpg
https://thumbs.ebaystatic.com/d/l480/pict/202559955129.jpg
https://static.wohnorama.net/out/pictures/generated/product/1/750_600_75/haengeschrank-25-rimini-von-held-moebel-weiss-hgl-1.jpg
http://usauction.info/wp-content/uploads/2019/04/stuhl-outlet-designer-mobel-nagold-hamburger-strasse-frankfurt.jpg
https://images-na.ssl-images-amazon.com/images/I/51--vvEreVL._SY355_.jpg
http://ridracism-mke.org/wp-content/uploads/2019/04/mobel-olen-n.jpg
https://lookaside.fbsbx.com/lookaside/crawler/media/?media_id=238248213519884
https://i.ebayimg.com/images/g/PpcAAOSw0ZZbygjr/s-l1600.jpg
https://www.letroubletete.com/i/2018/11/mobel-set-ohne-roller-schlafzimmer-finke-hulsta-kraft-schlafzimmerschrank-schrank-otto-komplett-hardeck-uberbau-holz-mobelhaus-weis-hoffner-biller-meyerh-bett-schlafzimmermobe.jpg
https://i.pinimg.com/originals/7b/e9/7e/7be97ee290c3f73018018f4c9ba945d3.jpg
http://streamlineva.org/wp-content/uploads/2019/01/kika-lounge-mobel-inspirations-kika-lounge-mobel.jpg
http://jpcedu.org/wp-content/uploads/2019/04/outdoor-mobel-design-flora-lounge-3-garden-sofa-designer-outdoor-lounge-mobel.jpg
https://res-5.cloudinary.com/dbiz6wppa/image/upload/c_fit,dpr_2.0,f_auto,q_80,w_300/media/catalog/product/c/o/cor02c_1200_2.jpg
http://usauction.info/wp-content/uploads/2019/03/vintage-mobel-stuttgart-retro-photo-gallery-design-mieten.jpg
https://images-eu.ssl-images-amazon.com/images/I/41pCda8wr8L._AC_US200_.jpg
https://lookaside.fbsbx.com/lookaside/crawler/media/?media_id=1381114258879130
https://cdn02.plentymarkets.com/74hyukyfdyd5/item/images/41316398/full/ahh004---1.jpg
http://ridracism-mke.org/wp-content/uploads/2019/04/mobel-olen-holz-wohnzimmer-couch.jpg
http://streamlineva.org/wp-content/uploads/2019/01/kika-lounge-mobel-gold-bronze-motor-kika-lounge-mobel.jpg
https://i.pinimg.com/736x/39/78/be/3978be377b3235d297012d8c0f0acd61.jpg
https://www.hava-shop.de/bilder/artikel4/lumax-LS501S-2.jpg
https://res-3.cloudinary.com/dbiz6wppa/image/upload/c_fit,dpr_2.0,f_auto,q_80,w_300/media/catalog/product/c/b/cbc19g_2.jpg
http://badezimmerfliesen.club/wp-content/uploads/2018/12/Wundersch%C3%B6nen-Easy-Home-Badezimmer-Zubeh%C3%B6r-auf-Das-Badezimmer-Ideen-M%C3%B6bel.jpg
http://usauction.info/wp-content/uploads/2019/03/vintage-mobel-stuttgart-retro-remodeling-spa-in-mid-century-modern-opal-plant-stand-table-mieten-verleih-laden.jpg
https://www.picclickimg.com/d/l400/pict/283133499966_/Puppenhaus-Zubeh%C3%B6r-Holz-Einrichtung-Puppenstube-Puppenk%C3%BCche-Puppenm%C3%B6bel-M%C3%B6bel.jpg
http://jpcedu.org/wp-content/uploads/2019/04/outdoor-mobel-design-full-size-of-rattan-corner-sofa-outdoor-garden-furniture-modern-design-wicker-patio-outdoor-mobel-design-italien.jpg
https://images-eu.ssl-images-amazon.com/images/I/71Rn9uqOZiL._AC_SS350_.jpg
https://lookaside.fbsbx.com/lookaside/crawler/media/?media_id=153730674669326
https://images-na.ssl-images-amazon.com/images/I/41e9d%2BEynhL._SY450_.jpg
https://i.ebayimg.com/images/g/XgEAAOSwgYVZu~pd/s-l1600.jpg
https://res-5.cloudinary.com/dbiz6wppa/image/upload/c_fit,dpr_2.0,f_auto,q_80,w_300/media/catalog/product/c/o/cor20f_1200_3.jpg
https://i.pinimg.com/236x/fa/61/40/fa6140755666a13912cf3ce758bd0132--funky-painted-furniture-distressed-furniture.jpg?b=t
https://www.puppenhaus-welt.de/media/image/product/7876/md/lundby-hausbibliothek-buecherregal-set.jpg
https://i.ebayimg.com/images/g/IDUAAOSwdGFYwkRA/s-l300.jpg
http://usauction.info/wp-content/uploads/2019/04/stuhl-outlet-stuhle-nrw-gaming-mobel-hamburger-strasse.jpg
https://images-na.ssl-images-amazon.com/images/I/613zI1v9mSL._SL1159_.jpg
http://ridracism-mke.org/wp-content/uploads/2019/04/mobel-olen-nmobel-isieren-e.jpg
http://luckyretail.com/Uploadfile/201703086/011816/011816-1.jpg
https://images-na.ssl-images-amazon.com/images/I/81ceNIPXv4L._SY355_.jpg
https://www.picclickimg.com/d/l400/pict/351943126037_/1-Edelstahl-Scharnier-A2-50x50x2mm-poliert-Kisten-M%C3%B6bel.jpg
http://i.ebayimg.com/images/g/lEUAAOSwrXhbdZXt/s-l300.jpg
https://res-3.cloudinary.com/dbiz6wppa/image/upload/c_fit,dpr_2.0,f_auto,q_80,w_300/media/catalog/product/c/o/cor20d_1200_1.jpg
https://i.ebayimg.com/images/g/euYAAOSwJFhbkUOA/s-l1600.jpg
https://i.pinimg.com/originals/6e/cc/ac/6eccac0428557177c5f1903c76bc6ba3.jpg
https://lookaside.fbsbx.com/lookaside/crawler/media/?media_id=488725074492502
http://jpcedu.org/wp-content/uploads/2019/04/outdoor-mobel-design-die-outdoor-die-robe-designer-outdoor-lounge-mobel.jpg
http://usauction.info/wp-content/uploads/2019/03/vintage-mobel-stuttgart-sch-m-design-verleih-mieten-laden.jpg
https://amplifyingstyle.com/wp-content/uploads/thon/nachttisch-25-cm-breit-neu-caro-mobel-nachttisch-nachtschrank-nachtkommode-florenz-in-weis-of-nachttisch-25-cm-breit-1024x600.jpg
https://www.spielzeug.land/product/image/img/Melody%20Jane%20Puppenhaus%20Handbemalt%20Creme%20Schrank%20Anrichte-miniatur%20JBM%201:12%20M%C3%B6bel%20JBM%20Melody%20Jane%20Dolls%20Houses%205060492161035%20_139392.jpg
https://images-eu.ssl-images-amazon.com/images/I/61Fx5CilIDL._AC_SS350_.jpg
https://res-5.cloudinary.com/dbiz6wppa/image/upload/c_fit,dpr_2.0,f_auto,q_80,w_300/media/catalog/product/c/o/cor20e_1200_3.jpg
https://i.pinimg.com/474x/32/37/7d/32377d30077f7bc306efb09b743ccf06--zen-furniture-center-table.jpg
http://i.ebayimg.com/images/g/Sn8AAOSwgEhbeq3C/s-l300.jpg
http://ridracism-mke.org/wp-content/uploads/2019/04/mobel-olen-laden.jpg
https://i.ebayimg.com/images/g/vp8AAOSwpvRcbb2p/s-l1600.jpg
http://jpcedu.org/wp-content/uploads/2019/04/outdoor-mobel-design-outdoor-outlet-medium-size-of-patio-patio-furniture-outdoor-rattan-outlet-furniture-outdoor-outdoor-outdoor-mobel-design-gunstig.jpg
https://lookaside.fbsbx.com/lookaside/crawler/media/?media_id=859924334183400
http://usauction.info/wp-content/uploads/2019/03/vintage-mobel-stuttgart-look-genial-1-4-elegant-kamanga-laden-verleih.jpg
https://www.mapo-moebel.de/ebaybilder/sarahspiegelbilder/5129-Cup-2-237-2.jpg
http://curiolosangeles.com/wp-content/uploads/2018/11/regal-im-schrank-wunderbar-1-x-lego-duplo-mobel-schrank-regal-wand-creme-weiss-2x6x6-mit-3-of-regal-im-schrank.jpg
http://i.ebayimg.com/images/g/8BsAAOSwCPdZ82K7/s-l300.jpg
https://i2.cdscdn.com/pdt2/0/8/9/4/550x550/auc2009497493089/rw/commode-vintage-4-tiroirs-asymetriques.jpg
https://images-eu.ssl-images-amazon.com/images/I/41tDXFEBlkL.jpg
https://i.ebayimg.com/thumbs/images/g/6AMAAOSwGoBb5GPC/s-l225.jpg
https://i.pinimg.com/736x/19/ed/5e/19ed5e522f917f0b62ef1c1de26a2d14.jpg
https://www.picclickimg.com/d/l400/pict/142895070142_/10-Messing-Ecken-F%C3%BCr-M%C3%B6bel-Kistenecken-Truhe-Tisch.jpg
https://www.picclickimg.com/d/l400/pict/263417104252_/Casablanca-Spiegel-Memo-Schl%C3%BCsselboard-Notes-B-50-cm-2er-Set.jpg
https://lookaside.fbsbx.com/lookaside/crawler/media/?media_id=315506678540106
http://ridracism-mke.org/wp-content/uploads/2019/04/mobel-olen-schlafzimmer-bau-folie-bauplatte.jpg
http://usauction.info/wp-content/uploads/2019/03/vintage-mobel-stuttgart-verleih-laden.jpg
https://images-na.ssl-images-amazon.com/images/I/51EjeK7i1mL.jpg
https://i.ebayimg.com/images/g/P7sAAOSwroJcYZgO/s-l1600.jpg
https://sc1.reidl.de/img/products/00/516985.jpg
https://i.pinimg.com/736x/f7/05/03/f70503ecf6d0100e777489d0eb5c186c.jpg
https://res-2.cloudinary.com/dbiz6wppa/image/upload/c_fit,dpr_2.0,f_auto,q_80,w_300/media/catalog/product/c/b/cbc19a2_1.jpg
http://media.shpock.com/w-i-idx/Kleiderschrank-27037ded.jpg
https://lookaside.fbsbx.com/lookaside/crawler/media/?media_id=1709354479310862
https://images-eu.ssl-images-amazon.com/images/I/41bphprVC-L._AC_US218_.jpg
http://usauction.info/wp-content/uploads/2019/04/stuhl-outlet-1-4-designer-mobel-frankfurt-nrw-hamburger-strasse.jpg
http://ridracism-mke.org/wp-content/uploads/2019/04/mobel-olen-holz.jpg
https://images-na.ssl-images-amazon.com/images/I/51QHrDAQ7FL._SY606_.jpg
https://i.ebayimg.com/thumbs/images/m/mLFu3x9Lh3HqSmu91Xjiw2g/s-l225.jpg
https://i.pinimg.com/originals/73/43/57/7343579fec87cd1e93671f424722c7ab.jpg
https://res-2.cloudinary.com/dbiz6wppa/image/upload/c_fit,dpr_2.0,f_auto,q_80,w_300/media/catalog/product/c/o/cor07a_1200_1.jpg
http://media.shpock.com/w-i-idx/Mini-Countryman-original-Dachtraeger.jpg
https://lookaside.fbsbx.com/lookaside/crawler/media/?media_id=153248328073513
https://i.ebayimg.com/images/g/RLsAAOSwOttcZOMu/s-l1600.jpg
https://thumbs.ebaystatic.com/d/l225/m/mVi7sBD6DYC2klrF0C-C-wQ.jpg
https://cdn02.plentymarkets.com/hslx6twiavis/item/images/2805/full/2805.JPG
https://i.ebayimg.com/images/i/262952779918-0-1/s-l1600.jpg
http://usauction.info/wp-content/uploads/2019/03/vintage-mobel-stuttgart-hamburg-easy-chair-in-wood-design-market-mieten-laden.jpg
http://ridracism-mke.org/wp-content/uploads/2019/04/mobel-olen-blau.jpg
https://i2.cdscdn.com/pdt2/4/6/1/1/300x300/auc4001070511461/rw/haku-mobel-51146-console-blanc-maritime-pin.jpg
https://www.abc-aufkleber.de/media/image/product/19686/md/aa259-auto-aufkleber-labrador-autoaufkleber-hund-sticker.jpg
https://images-eu.ssl-images-amazon.com/images/I/516KBc0-hAL._AC_US200_.jpg
https://i.pinimg.com/236x/a6/dc/9a/a6dc9ab78f627a8de9effbc67f4aedb2.jpg
https://thumbs.ebaystatic.com/d/l225/pict/252972416178_2.jpg
https://lookaside.fbsbx.com/lookaside/crawler/media/?media_id=167589037069168
https://images-eu.ssl-images-amazon.com/images/I/51XE2P16foL.jpg
https://images-na.ssl-images-amazon.com/images/I/61j%2BCnrUPEL._SL1010_.jpg
http://usauction.info/wp-content/uploads/2019/04/stuhl-outlet-art-factory-1-4-tier-muster-gae-high-designer-mobel-nagold-stuhle-nrw-essen.jpg
http://ridracism-mke.org/wp-content/uploads/2019/04/mobel-olen-crafted.jpg
https://i.pinimg.com/474x/07/2e/ce/072ecebbc4d548830842d08f24da8d09.jpg
https://images-na.ssl-images-amazon.com/images/I/91B9mkXrtQL._SL1500_.jpg
https://www.picclickimg.com/d/l400/pict/312366562920_/SYLVANIAN-FAMILIES-Eltern-Schlafzimmer-Einrichtung-M%C3%B6bel-Spielzeug-Puppen-2958.jpg
https://lookaside.fbsbx.com/lookaside/crawler/media/?media_id=951350251715215
https://i2.cdscdn.com/pdt2/4/3/9/1/700x700/auc4055766212439/rw/haku-mobel-42389-miroir-murale-tube-d-acier-blanc.jpg
https://images-eu.ssl-images-amazon.com/images/I/41xTTu96UML.jpg
http://i.ebayimg.com/images/g/kDcAAOSwRChavQhQ/s-l300.jpg
http://usauction.info/wp-content/uploads/2019/03/vintage-mobel-stuttgart-shabby-ma-1-4-mo-laden-design-verleih-mieten.jpg
https://i.ebayimg.com/00/s/NjM1WDEwMjQ=/z/Ez8AAOSwB1Jazz1L/$_72.JPG
https://lookaside.fbsbx.com/lookaside/crawler/media/?media_id=142669745777234
https://moebel-made-in-germany.de/image/cache/data/moebel/schraenke/kuechenschrank-200x200.jpg
https://i.pinimg.com/236x/63/84/6d/63846d63078b3461d4c441174b90d968--vintage-coffee-tables-tables-basses.jpg
https://www.picclickimg.com/d/l400/pict/173574430039_/LEGO%C2%AE-DUPLO%C2%AE-1-Tisch-Education-gr-Puppe-M%C3%B6bel.jpg
http://usauction.info/wp-content/uploads/2019/03/vintage-mobel-stuttgart-elegant-design-mieten.jpg
http://i.ebayimg.com/images/g/saoAAOSw4YJZYOvw/s-l300.jpg
https://lookaside.fbsbx.com/lookaside/crawler/media/?media_id=333342003363283
https://i.ebayimg.com/thumbs/images/g/0AMAAOSwjoFZrmoN/s-l225.jpg
https://i.pinimg.com/originals/f5/ad/8c/f5ad8ceaa9c659a474b219f31b3513e7.jpg
http://media.shpock.com/w-i-idx/Kleiderschrank-611e0d91.jpg
http://i.ebayimg.com/images/g/bkQAAOSw~e5ZP7H9/s-l300.jpg
http://usauction.info/wp-content/uploads/2019/04/stuhl-outlet-ohren-in-mobel-hamburg-nordkanalstrasse-designer-frankfurt-stuhle-lagerverkauf-nrw.jpg
https://cdn02.plentymarkets.com/vqlu85bb4dpl/item/images/13788/full/Reparatur-Set-Wimmer-Moebelpflege-X-9995.jpg
https://media.shpock.com/w-i-idx/KALAX-2-2-2-Stueck-Boxen-Drahtkoerbe.jpg
https://lookaside.fbsbx.com/lookaside/crawler/media/?media_id=1700202013587440
https://images-na.ssl-images-amazon.com/images/I/71wGYZ-Pm4L._SL1500_.jpg
https://i.pinimg.com/474x/ba/6b/00/ba6b007056dbb5fb597189a607270f67.jpg
https://images-eu.ssl-images-amazon.com/images/I/516PrGyghzL._AC_US200_.jpg
http://i.ebayimg.com/images/g/YM4AAOSw6jBbdZXr/s-l300.jpg
http://www.schwangerschaftstests.org/image/cache/data/category_12/1-x-lego-duplo-mobel-bett-hell-blau-3-x-5-x-1-2-3-schlafzimmer-puppenhaus-winnie-the-2972-228x228_0.jpg
http://d1x10zg6fx896o.cloudfront.net/catalog/product/s/b/sbb-m-gr_2.jpg
http://usauction.info/wp-content/uploads/2019/04/stuhl-outlet-design-beige-nrw-gaming-mobel-essen.jpg
https://lookaside.fbsbx.com/lookaside/crawler/media/?media_id=444723442366256
https://images-na.ssl-images-amazon.com/images/I/61buO0DSHgL._SL1000_.jpg
https://i.pinimg.com/236x/35/96/1d/35961d2470970892116cce2791bcda0b.jpg?b=t
https://www.spielzeug.land/product/image/img/Melody%20Jane%20Puppenhaus%20Walnuss%20Spanische%2017.%20Jahrhundert%20Stuhl-miniatur%20JBM%20M%C3%B6bel%20JBM%20Melody%20Jane%20Dolls%20Houses%208800159418921%20_139412.jpg
https://images-na.ssl-images-amazon.com/images/I/612PXjBADGL._SL1500_.jpg
http://usauction.info/wp-content/uploads/2019/04/stuhl-outlet-1-4-mobel-hamburger-strasse-syndrom-stuhle-und-fabrikverkauf.jpg
https://i.ebayimg.com/thumbs/images/g/cNcAAOSwg0pZZPcW/s-l225.jpg
http://communicaidnation.org/wp-content/uploads/2019/01/junge-mobel-jungle-mobile-lab-instructions-legends-designer-gunstig.jpg
https://osm-freyburg.de/ebay/images/gl_7362098-1.jpg
https://lookaside.fbsbx.com/lookaside/crawler/media/?media_id=217171488646692
https://intraweb-az.com/wp-content/plugins/easy-amazon-product-information/cache/B00VRSIVB4.jpg
http://pickserver.de/get_image.php?sku=SF02959.jpg&dim=1000&account=ktkhandel&timestamp=20190105044312&gl=20190105044312
https://www.moebel-und-garten.de/moebel/Giomoebel/Giomoebel-TERRASSEN-KLAPPSTUHL-Gartenstuhl-Hochlehner-Balkonstuhl-aus-Akazien-Holz-Schwere-Qualitaet-FSC-Bertruth-von-Giomoebel-1605549363.jpg
https://i.pinimg.com/474x/f7/a2/d6/f7a2d60b45e4ea073c6760b668d57000.jpg
http://usauction.info/wp-content/uploads/2019/03/vintage-mobel-stuttgart-design-free-planes-laden-mieten.jpg
https://images-eu.ssl-images-amazon.com/images/I/41W3ih-9c3L._AC_US218_.jpg
https://www.picclickimg.com/d/l400/pict/183554449873_/Puppenhaus-M%C3%B6bel-Mahagoni-Geschnitzter-Handgefertigt-Ecke-Glasvitrine-112.jpg
https://images-na.ssl-images-amazon.com/images/I/61tid6p46uL._SL1000_.jpg
https://lookaside.fbsbx.com/lookaside/crawler/media/?media_id=359885717382394
http://curiolosangeles.com/wp-content/uploads/2018/11/schrank-mit-regal-inspirierend-gros-schrank-70-cm-breit-cool-fabulous-beautiful-kommode-with-design-of-schrank-mit-regal.jpg
https://thumbs.ebaystatic.com/d/l400/pict/183290126060_
http://i.ebayimg.com/images/g/UaAAAOSwXYtY0WHz/s-l300.jpg
https://i.pinimg.com/474x/0b/38/90/0b3890e63e873c4cc92b80f2f30d843c.jpg
http://usauction.info/wp-content/uploads/2019/04/stuhl-outlet-design-online-designer-mobel-shop.jpg
https://www.picclickimg.com/d/l400/pict/264087793076_/Lego-Friends-City-M%C3%B6bel-1.jpg
https://lookaside.fbsbx.com/lookaside/crawler/media/?media_id=1615096965391131
https://www.spielzeug.land/product/image/img/Puppenhaus%20Feine%20Miniatur%201:12%20Schulm%C3%B6bel%20Viktorianisch%20Walnuss%20Davenport%20Schreibtisch%20JBM%20Melody%20Jane%20Dolls%20Houses%208800159419133%20_366862.jpg
https://images-eu.ssl-images-amazon.com/images/I/51+tJ87ocHL._AC_US200_.jpg
https://i.pinimg.com/originals/f1/fc/80/f1fc80a4ebe4ac1cf81019a0fae14410.jpg
http://usauction.info/wp-content/uploads/2019/03/vintage-mobel-stuttgart-in-1-4-d-design-laden.jpg
https://i.ebayimg.com/thumbs/images/g/bu8AAOSwVGha1wN5/s-l225.jpg
https://www.picclickimg.com/d/l400/pict/292851278747_/1-Satz-Spielzeug-M%C3%B6bel-Puppe-M%C3%B6bel-2-Personen.jpg
https://thumbs.ebaystatic.com/d/l225/m/mIiRCR4fYaeJMEamhg1QCoQ.jpg
https://lookaside.fbsbx.com/lookaside/crawler/media/?media_id=638897309640127
https://thumbs.ebaystatic.com/d/l400/pict/173715922692_
https://i.pinimg.com/736x/8c/68/83/8c6883ef9f78c59f2316c0349c20bb0b.jpg
https://www.picclickimg.com/d/l400/pict/263739301894_/Lego-Friends-City-M%C3%B6bel-1.jpg
https://images-eu.ssl-images-amazon.com/images/I/41fwHy8-PiL.jpg
https://i.ebayimg.com/images/g/85YAAOSwUpFcMWl8/s-l300.jpg
https://lookaside.fbsbx.com/lookaside/crawler/media/?media_id=1431499200446600
http://usauction.info/wp-content/uploads/2019/04/stuhl-outlet-designer-design-mobel-hamburg-stuhle-berlin-online.jpg
https://images-na.ssl-images-amazon.com/images/I/716GBhIhn4L._SX450_.jpg
https://www.picclickimg.com/d/l400/pict/332633768968_/Lego-City-Friends-M%C3%B6bel-Badezimmer-WC-mit.jpg
https://lookaside.fbsbx.com/lookaside/crawler/media/?media_id=324921758091034
https://www.picclickimg.com/d/l400/pict/252820898372_/Deko-M%C3%B6bel-Patchwork-Stoffe-Baumwolle-Vorhang-Gardine-Waldtiere.jpg
https://www.picclickimg.com/d/l400/pict/173439014665_/Sylvanian-Families-M%C3%B6bel-Baby-Kinderzimmer-und-7-Figuren-Wie.jpg
http://usauction.info/wp-content/uploads/2019/04/stuhl-outlet-misty-stuhle-berlin-mobel-hamburg-spaldingstr-nrw.jpg
http://thumb4.zeppy.io/d/l400/pict/152235583366/fresh-checks-karos-retro-struktur-m-bel-web-bezug-polster-stoff-baumwolle-gewebe
http://i.ebayimg.com/images/g/fEoAAOSwz35bBYpB/s-l300.jpg
https://lookaside.fbsbx.com/lookaside/crawler/media/?media_id=160232597370866
https://thumbs.ebaystatic.com/d/l480/pict/223316651059.jpg
https://i.ebayimg.com/thumbs/images/g/EZ0AAOSw5qdbyGyQ/s-l225.jpg
https://www.picclickimg.com/d/l400/pict/381702032909_/Melody-Jane-Puppenhaus-Miniatur-M%C3%B6bel-Walnuss-Roter-Ziegelstein.jpg
https://media.real-onlineshop.de/images/items/1024x1024/754e16c7c739555de7d9fe873be1ff1e.jpg
https://lookaside.fbsbx.com/lookaside/crawler/media/?media_id=237150806683905
https://www.rolink.de/media/image/product/3889/lg/renuwell-moebel-oel-500-ml-regenerator-500-ml-sparset.jpg
https://www.picclickimg.com/d/l400/pict/253598276371_/AMIRA-Rand-Wand-M%C3%B6bel-Schablone-f%C3%BCr-Malerei.jpg
https://www.picclickimg.com/d/l400/pict/312346288816_/SYLVANIAN-FAMILIES-Luxus-Wohnzimmer-Einrichtung-M%C3%B6bel-Spielzeug-Puppen-2959.jpg
https://thumbs.ebaystatic.com/d/l225/pict/123314787282_2.jpg
https://lookaside.fbsbx.com/lookaside/crawler/media/?media_id=209315219081085
https://www.picclickimg.com/d/l400/pict/263109664986_/Diamanten-F%C3%BCr-immer-Schablone-Minis-M%C3%B6bel.jpg
https://i.ebayimg.com/thumbs/images/g/BgIAAOSwnRJbhm-k/s-l225.jpg
https://modellbau-hergt.de/ich/Lundby/Smaland/60.2081.jpg
https://i.ebayimg.com/thumbs/images/g/a40AAOSwDkdbeA3i/s-l225.jpg
https://lookaside.fbsbx.com/lookaside/crawler/media/?media_id=215262711937145
https://www.puppenhaus-welt.de/media/image/product/3135/md/lundby-smaland-musik-tv-set.jpg
https://www.picclickimg.com/d/l400/pict/262901618947_/Deko-M%C3%B6bel-Patchwork-Stoffe-Baumwolle-Vorhang-Desigual-Motiv.jpg
https://www.picclickimg.com/d/l400/pict/143021400033_/Playmobil-Luxusvilla-5574-Mit-Zubeh%C3%B6r.jpg
https://i.ebayimg.com/thumbs/images/g/TKUAAOSwfLpbmVg5/s-l225.jpg
https://thumbs.ebaystatic.com/d/l480/pict/232599128255.jpg
https://lookaside.fbsbx.com/lookaside/crawler/media/?media_id=1923326351220597
https://baumarkt-deutschland.de/media/image/f6/6d/02/renuwell-spar-set-mobel-poliertucher-4-stuck-mobel-ol-500086-mgzD44x7zHQmch.jpg
https://i.ebayimg.com/images/g/Oe4AAOSwFdtXzdjv/s-l225.jpg
https://www.heimwerkertools.com/media/catalog/product/cache/1/image/700x700/9df78eab33525d08d6e5fb8d27136e95/0/2/02238086_0_1.jpg
https://www.moebel-und-garten.de/moebel/Megaprom/Megaprom-2-Personen-Gartenbank-Holzbank-Sitzbank-Parkbank-Gartenmoebel-Holzmoebel-aus-Hartholz-Holz-von-Megaprom-2094891199.jpg
https://i.ebayimg.com/thumbs/images/g/NTYAAOSw99Ra4z1e/s-l225.jpg
https://i.ebayimg.com/images/g/w6cAAOSwax5Y0V84/s-l300.jpg
https://images-eu.ssl-images-amazon.com/images/I/21zgrdnhXML._AC_US200_.jpg
https://www.rolink.de/media/image/product/4540/lg/moebelpflege-renuwell-moebel-schnellpflege-500-ml_2.jpg
https://i.ebayimg.com/thumbs/images/g/uyAAAOSw5KFbTbqX/s-l225.jpg
https://thumbs.ebaystatic.com/d/l400/pict/232998038617_
https://i.ebayimg.com/images/i/391955069966-0-1/s-l1000.jpg
https://www.picclickimg.com/d/l400/pict/382610317105_/Melody-Jane-Puppenhaus-Wei%C3%9F-Schaukasten-Schrank-Tresen-Passende.jpg
https://i.ebayimg.com/thumbs/images/g/dc0AAOSwF25bBYFl/s-l225.jpg
https://thumbs.ebaystatic.com/d/l225/m/mlUq9GnO750antFMEDHqkNg.jpg
https://i.ebayimg.com/images/i/123518021547-0-1/s-l1600.jpg
https://www.picclickimg.com/d/l400/pict/401578299424_/Playmobil-Zubeh%C3%B6r-Ritterburg-Fachwerkhaus-3441-3x-Laterne-Halterung.jpg
https://www.picclickimg.com/d/l400/pict/263654167131_/CHEVRON-SHUFFLE-Wand-M%C3%B6bel-Fu%C3%9Fboden-Schablone-f%C3%BCr-Malerei.jpg
https://i.ebayimg.com/thumbs/images/m/mUthfDuGiIByVzsiE-vzM5g/s-l225.jpg
https://www.picclickimg.com/d/l400/pict/351764345996_/1-x-Lego-Duplo-M%C3%B6bel-Stuhl-Sitz-Sessel.jpg
https://www.picclickimg.com/d/l400/pict/173296532832_/M%C3%B6bel-Playmobil-Ritter-Zubeh%C3%B6r-Konvolut-Paket-18.jpg
https://i.pinimg.com/originals/8c/25/e4/8c25e4425f4e359826c4a82693ea03a4.jpg
https://i.ebayimg.com/images/g/oO0AAOSwpP9Y6O4x/s-l300.jpg
https://www.picclickimg.com/d/l400/pict/382178505154_/Lego-City-Friends-1-Cooler-K%C3%BChlschrank.jpg
https://www.picclickimg.com/d/l400/pict/401453364818_/LEGO-DUPLO-PUPPENHAUS-SCHLOSS-M%C3%96BEL-TISCH-Rund-dunkel.jpg
https://cdn02.plentymarkets.com/cyw0ez82ux9p/item/images/281/full/--10_10.JPG
https://www.picclickimg.com/00/s/MzQ1WDU4MA==/z/V1kAAOSwVFlUHJcK/$/236ml-Americana-Chalky-Finish-Farbe-Mobel-shabby-chic-_1.jpg
http://i.ebayimg.com/images/g/WIIAAOSwNPVZ4K4L/s-l300.jpg
https://images-eu.ssl-images-amazon.com/images/I/41bO+suTBRL._AC_US200_.jpg
https://thumbs.ebaystatic.com/d/l225/pict/192772899830_1.jpg
https://storage.gra3.cloud.ovh.net/v1/AUTH_faad8089574943ae87c8ade09891e640/img-de/126104238/13941917082311278053.jpg
https://cdn.eazyauction.de/df/df0abca962ce74f73fec159ca103741909d3174053c380ac417fc4bea9379942ea539597e88c5bca1970da3be8f84d1e/img/859x1500_65bf7ef16859e6d399df18bad21d7733a92022f0.png
https://images-eu.ssl-images-amazon.com/images/I/21xDNtF7P3L._AC_US218_.jpg
http://i.ebayimg.com/images/g/II4AAOSwa~BYYqn0/s-l300.jpg
https://media.shpock.com/w-i-idx/Elektro-einbauherd-7bc441df.jpg
https://i.ebayimg.com/thumbs/images/g/qCoAAOSwnhJbwLcm/s-l225.jpg
https://newdesigninteriorz.xyz/wp-content/uploads/2019/02/mobel-fur-ihr-wohnzimmer-mobel-graf-4.jpg
https://osm-freyburg.de/ebay/images/gl_7363051-1.jpg
http://i.ebayimg.com/images/g/sHgAAOSwhhFbTxFE/s-l300.jpg
http://shop.spiel-markt.ch/WebRoot/StoreCH/Shops/es408768/59E9/B24A/C955/A3C6/7747/50ED/8966/F200/Lundby_Smaland_puppenhauszubehoer_m.jpg
https://moebelbaer.de/images/product_images/original_images/Farbtabelle_New-Ulm.jpg
https://media.xxxlutz.com/i/xxxlutz/NC9ydn7NyjtH2dkAaFzR1hrA/mobel-hauptbild-wohnzimmer.png
http://nlvlc.com/wp-content/uploads/2017/08/moebel-atemberaubend-mobel-im-xxxlshop.jpg
https://thumbs.ebaystatic.com/d/l225/m/mk3mhs1Zg1djFynug9UEEgg.jpg
https://www.bauhaus.ch/media/catalog/product/cache/1/small_image/e4d92e6aceaad517e7b5c12e0dc06587/5/8/580419_21059708-696x696.jpg
https://thumbs.ebaystatic.com/d/l225/m/mpglkz7gOSNQ_9R3UTosXnA.jpg
https://thumbs.ebaystatic.com/d/l225/m/mzFRfk6H5aNv5Q1crBq7QGg.jpg
https://osm-freyburg.de/ebay/images/gl_7369043-2.jpg
https://www.picclickimg.com/d/w1600/pict/323402229103_/Lego-Friends-City-M%C3%B6bel-1.jpg
https://www.moebelbaer.de/images/product_images/original_images/Farbtabelle_Kobe.jpg
https://www.picclickimg.com/d/l400/pict/262791074708_/Lego-Friends-City-M%C3%B6bel-1.jpg
https://www.picclickimg.com/d/l400/pict/202519135405_/Lego-Duplo-Puppenhaus-M%C3%B6bel-Einrichtung-Bad-Badezimmer-Badm%C3%B6bel.jpg
https://www.picclickimg.com/d/l400/pict/322757781752_/Lego-Friends-City-M%C3%B6bel-1.jpg
https://nouvelinterieurdesign.xyz/wp-content/uploads/2019/03/schlafzimmer-mobel-aus-massivholz-skandinavisch-skanmobler-5.jpg
http://i.ebayimg.com/images/g/SbsAAOSw0ItbrffX/s-l300.jpg
https://i.ebayimg.com/thumbs/images/g/BugAAOSw0kNXhfC9/s-l225.jpg
https://www.picclickimg.com/d/l400/pict/153312340079_/Lego-duplo-Set-Figuren-M%C3%B6bel-f%C3%BCr-Puppenhaus-Spielhaus.jpg
http://i.ebayimg.com/images/g/mQgAAOSwXUdbq5ZS/s-l300.jpg
http://thumbs.ebaystatic.com/d/l480/pict/132535784428.jpg
https://i.ebayimg.com/thumbs/images/g/OqcAAOSwtvZbY6Or/s-l225.jpg
https://www.picclickimg.com/00/s/NDUwWDYzOQ==/z/32IAAOSwdqRXiIMO/$/Deko-Mobel-Patchwork-Stoffe-Glitzer-Glamour-Vorhang-Gardine-_1.jpg
https://www.picclickimg.com/d/l400/pict/112993640761_/M%C3%B6belbeschlag-Messing-Beschlag-M%C3%B6belbeschl%C3%A4ge-Griffe-M%C3%B6bel-Schublade-M%C3%B6belgriffe.jpg
http://i.ebayimg.com/images/g/vDUAAOSwjL5ZLVrx/s-l300.jpg
https://i.ebayimg.com/00/s/MTYwMFgxNjAw/z/Mw4AAOSws~pb7Ffj/$_57.JPG
https://i.ebayimg.com/images/g/TnkAAOSwsVVa~BOD/s-l300.jpg
https://images-na.ssl-images-amazon.com/images/I/71LW%2Bp36DSL._SY355_.jpg
https://www.picclickimg.com/d/l400/pict/231920340293_/M%C3%B6bel-umgestalten-und-reparieren-David-Kadlecek-DDR-1984.jpg
https://i.ebayimg.com/thumbs/images/g/pB0AAOSwcB5ZJ1LL/s-l225.jpg
https://images-na.ssl-images-amazon.com/images/I/71aNtVIPQdL._AC_UL160_SR160,160_.jpg
https://i.ebayimg.com/images/g/eLIAAOSwPh5ZMB58/s-l300.jpg
https://thumbs.ebaystatic.com/d/l400/pict/370317112210_
https://moebelbaer.de/images/product_images/original_images/Haupt.jpg
https://thumbs.ebaystatic.com/d/l225/m/m3bQ_qKiqeeOM4pBqrHjbfw.jpg
https://www.holzando.de/WebRoot/Store11/Shops/79352868/58CB/001F/0F63/1194/8233/C0A8/2BB8/0B4D/OMP_19_1600px-tile_PAARE.jpg
https://thumbs.ebaystatic.com/d/l480/pict/253894814701.jpg
https://shops.supreme.de/moebelwerkstatt/files/p1130680.jpg
https://files.rakuten-static.de/d126b67a0e119807b5a32415dbde3c43/thumbs/280/6c/fc1c95d2dc0ed3223e5a7d353e9120b5.jpg
http://i.ebayimg.com/images/g/QcsAAOSw6QpbRwre/s-l300.jpg
https://i.ebayimg.com/thumbs/images/g/fiUAAOSwhRxXKeBP/s-l225.jpg
https://cdn02.plentymarkets.com/vqlu85bb4dpl/item/images/11083/full/Moebel-Regenerator-Renuwell-Auffrischung-270ml-20_1.jpg
https://www.picclickimg.com/d/l400/pict/132741702421_/Modern-Chic-Vintage-Stencil-Schablone-M%C3%B6bel-Wand.jpg
https://www.picclickimg.com/d/l400/pict/132289005039_/Shabby-Chic-Vintage-Stencil-Schablone-Ornament-M%C3%B6bel-Wand.jpg
https://i.ebayimg.com/images/g/QzIAAOSw6YtZQIp5/s-l300.jpg
https://i.ebayimg.com/thumbs/images/g/ZJEAAOSwXCNZlsHt/s-l225.jpg
http://media.shpock.com/w-i-idx/2-Schliesszylinder-mit-3-und-7-Schluesseln.jpg
https://thumbs.ebaystatic.com/d/l400/pict/261799476484_
http://i.ebayimg.com/images/g/h8wAAOSwq2xcBWw4/s-l300.jpg
https://images-eu.ssl-images-amazon.com/images/I/71JV08Po4mL._AC_SS350_.jpg
https://www.moebelbaer.de/images/product_images/original_images/_mg_7738.jpg