https://static.wixstatic.com/media/c1b0a0_e825bae4457c405fb93b2e0c76df987a~mv2_d_6016_4016_s_4_2.jpg/v1/fill/w_494,h_328,al_c,q_80,usm_0.66_1.00_0.01/c1b0a0_e825bae4457c405fb93b2e0c76df987a~mv2_d_6016_4016_s_4_2.jpg
http://cheersbar.com.au/wp-content/uploads/2016/01/CheersBar-Food-76.jpg
https://nrai.org/site/wp-content/uploads/2018/12/cheap-healthy-food-feature-565x376.jpg
https://foodrevolution.org/wp-content/uploads/2018/03/blog-featured_healthy_foods-20180306.jpg
https://www.drdavidludwig.com/wp-content/uploads/2017/01/1-RIS_6IbCLYv1X3bzYW1lmA.jpeg
https://o.aolcdn.com/images/dims3/GLOB/crop/5760x2880+0+480/resize/630x315!/format/jpg/quality/85/http%3A%2F%2Fo.aolcdn.com%2Fhss%2Fstorage%2Fmidas%2F1e6a11c0ceb369bee739518f2618916d%2F205881769%2Fhealth-food-for-fitness-picture-id855098134
https://cdn.firstcrycdn.com/2018/03/446808145-H.jpg
https://patronpress.com/wp-content/uploads/2016/09/home-panel-11-1.jpg
https://upload.wikimedia.org/wikipedia/commons/6/6d/Good_Food_Display_-_NCI_Visuals_Online.jpg
https://caspiannews.com/media/caspian_news/all_original_photos/1528831479_7183783_1528831390_5761793SFF-Foto-2018-001web2.jpg
https://cdn.citynomads.com/wp-content/uploads/2017/06/08154455/straits-kitchen-cover3.png
https://bluewater.co.uk/sites/bluewater/files/styles/image_spotlight_large/public/images/spotlights/burger-cropped.jpg?itok=SeFYMFP6
https://cdn.newsapi.com.au/image/v1/053e70ddc55e5aa4b1584e2485331c20
https://i.ytimg.com/vi/0SPwwpruGIA/maxresdefault.jpg
https://o.aolcdn.com/images/dims3/GLOB/crop/7216x4733+0+281/resize/1028x675!/format/jpg/quality/85/http%3A%2F%2Fo.aolcdn.com%2Fhss%2Fstorage%2Fmidas%2Ff399350347cf76a6e1045da718c853ff%2F205833374%2Fholiday-turkey-dinner-picture-id836012728
https://img.buzzfeed.com/buzzfeed-static/static/2018-01/16/10/campaign_images/buzzfeed-prod-fastlane-01/here-are-a-bunch-of-ultimate-comfort-foods-from-a-2-11188-1516117229-0_dblbig.jpg
https://dailytimes.com.pk/assets/uploads/2018/11/21/howcuttingdo.jpg
https://amp.businessinsider.com/images/5b33c37a1ae6621d008b499c-750-562.jpg
http://static.asiawebdirect.com/m/bangkok/portals/bangkok-com/homepage/food-top10/pagePropertiesImage/thai-som-tum.jpg.jpg
https://www.wur.nl/upload_mm/2/e/3/e8eaaee8-3c29-44c4-8cd9-a722a43b0d81_schijfvanvijf_sh_306293987_blog_4909f6b8_490x330.jpg
https://assets3.thrillist.com/v1/image/2791598/size/tl-full_width_tall_mobile.jpg
https://i.ytimg.com/vi/dKkRjyZHekA/maxresdefault.jpg
https://cdn0.tnwcdn.com/wp-content/blogs.dir/1/files/2012/10/Food.jpg
https://static.independent.co.uk/s3fs-public/thumbnails/image/2017/02/07/15/chinese.jpg?w968h681
https://www.cdc.gov/features/holidayfoodsafety/holidayfoodsafety_456px.jpg
https://media.npr.org/assets/img/2019/02/22/kimchi-1_wide-12a5d3fcf454d53ff07d2d25a0cebe05ac18c3a2.jpg?s=1400
https://mp4media.gannett-cdn.com/28911775001/28911775001_6016047400001_6016044249001-vs.jpg?pubId=28911775001&quality=10
https://www.fsis.usda.gov/wps/wcm/connect/c85f3b75-aacf-4fef-b809-4ebfeabf8ec6/Thanksgiving-Food-Safety-Toolkit.jpg?MOD=AJPERES&CACHEID=c85f3b75-aacf-4fef-b809-4ebfeabf8ec6
https://www.washingtonian.com/wp-content/uploads/2018/08/CEFriesThumb18.jpg
https://i.ytimg.com/vi/P2DFREWkmiQ/maxresdefault.jpg
https://www.healthnewsreel.com/wp-content/uploads/2018/12/9-Foods-You-Should-Never-Eat-Before-Bed-760x506.jpg
https://www.gannett-cdn.com/presto/2018/11/20/USAT/3cda2d11-be9b-4d5a-9a2c-b1bbc7b3f4e5-GettyImages-1036967058.jpg?quality=10
https://lookaside.fbsbx.com/lookaside/crawler/media/?media_id=601369110242053
https://food-guide.canada.ca/static/assets/visual_en.png
https://cdn1.medicalnewstoday.com/content/images/articles/314/314819/delicious-buffet-foods.jpg
http://thetyee.ca/News/2018/04/20/Awards-Food.jpg
https://thumbs-prod.si-cdn.com/cAU0hdDob45w_75sItCT68WXbZQ=/800x600/filters:no_upscale()/https://public-media.si-cdn.com/filer/c5/d1/c5d13e71-f316-4b68-ac23-99b6384f4792/istock-602301816.jpg
https://www.sciencenews.org/sites/default/files/2018/07/main/articles/072318_LR_pediatric-chemicals_feat.jpg
https://www.refrigeratedfrozenfood.com/ext/resources/NEW_RD_Website/DefaultImages/default-pasta.jpg?1430942591
https://ichef.bbci.co.uk/food/ic/food_16x9_832/recipes/one_pot_chorizo_and_15611_16x9.jpg
https://cdn.riviana.com/Images/Library/8/RivianaCorporate_MakingMealsMemorable_Carousel_v2.jpg
https://static.independent.co.uk/s3fs-public/thumbnails/image/2016/12/19/18/sush0istock-gkrphoto.jpg
https://www.healthywa.wa.gov.au/~/media/Images/HealthyWA/Landing%20page/Safety%20and%20first%20aid/Food%20safety/Chicken-salad.png
https://www.city.ac.uk/__data/assets/image/0005/352643/Tim-Lang-sustainable-diets-The-Conversation-thumb.jpg
https://cdn.cnn.com/cnnnext/dam/assets/150521165141-02-microbiome-foods-restricted-super-169.jpg
https://media.treehugger.com/assets/images/2018/02/junk-food.jpg.860x0_q70_crop-scale.jpg
https://bobandsuewilliams.com/images/food-2.jpg
https://d1i2hi5dlrpq5n.cloudfront.net/~/media/images/2019/spring-launch/food/pizza-1.jpg?h=240&la=en&w=364&vs=1&d=20190303T203914Z&crop=1&cropx=50&cropy=50&hash=F3F3503A30ACD2F7BF5019AF24ED8762D3744C22
https://static01.nyt.com/images/2019/03/04/business/04FASTFOOD1-print/merlin_150521811_dccc9a24-05ef-457b-a3be-e0eb0567fdcb-articleLarge.jpg?quality=75&auto=webp&disable=upscale
http://ichef.bbci.co.uk/wwfeatures/live/624_351/images/live/p0/4t/x3/p04tx3m6.jpg
https://media.self.com/photos/5ada18143cf6f501f02504fc/4:3/w_728,c_limit/Screen%2520Shot%25202018-04-20%2520at%252012.40.27%2520PM.png
https://images.spot.im/v1/production/kpkyef1bohpgir3wjygi
https://assets.vogue.com/photos/5a3aac8f0193fe386b1e3898/master/pass/vietnamese-food-holding.jpg
http://news.ufl.edu/media/newsufledu/images/2018/11/Food-Traceability.jpg
https://www.gaytimes.co.uk/wp-content/uploads/2017/06/pride-food-header.jpg
https://www.telegraph.co.uk/content/dam/business/2018/01/17/pizza_trans_NvBQzQNjv4BqZgEkZX3M936N5BQK4Va8RWtT0gK_6EfZT336f62EI5U.jpg?imwidth=450
https://article.images.consumerreports.org/prod/content/dam/cro/news_articles/health/CR-Health-Crop-Food-Child-10-16
http://littleblinks.com/admin/images/04-09-2018-1536087747.jpg
https://img.buzzfeed.com/buzzfeed-static/static/2018-01/6/16/campaign_images/buzzfeed-prod-fastlane-01/these-food-products-are-considered-healthier-for--2-14419-1515274341-12_dblbig.jpg
http://static1.squarespace.com/static/5685a06669492ea07bb9b05d/t/5702d1922b8ddeaf55815b1f/1459802521539/Angel+Food-+High+Res-6766.jpg?format=1500w
https://files.guidedanmark.org/files/483/164930_Street-Food.jpg
https://billings.cafecourier.com/editable/templates/default/images/header-pic.jpg
https://www.ryerson.ca/content/dam/foodsecurity/Images/produce.jpg
http://www.hootanannybrixton.co.uk/wp-content/uploads/2017/12/restaurant-food-brixton-1.jpg
https://cdn.foodbeast.com/foodbeasttv/Card.FOODBEAST.tv.jpg
http://www4.pictures.zimbio.com/mp/LGqFU5M6JsPl.jpg
https://timedotcom.files.wordpress.com/2014/11/sharing-food.jpg
https://www.lebanonews.net/En/wp-content/uploads/2018/11/101838/the-terrifying-world-of-1970s-food.jpg
https://www.saga.co.uk/contentlibrary/saga/publishing/verticals/food/hero-and-hub/food/food-hero-1260x600.jpg
https://cdn1.medicalnewstoday.com/content/images/articles/321/321159/food-allergies-written-on-a-board-surrounded-by-food.jpg
https://www.mcdonalds.com/content/dam/usa/documents/mcdelivery/mcdelivery_new11.jpg
https://moadrupalweb.blob.core.windows.net/moadrupalweb/processed/9196_food_drink-hero-small.jpg
https://www.grab.com/my/wp-content/uploads/sites/8/2018/04/GrabFood-DAX-Desktop-Content-3.png
https://www.adventurepark.com.au/media/7792/ap0090-1170x500-1.jpg?mode=crop&width=1170&height=500
https://ourplanetary.com/wp-content/uploads/2018/03/maxresdefault-102.jpg
https://www.york.ac.uk/media/research/in-focus/agrifood/news-events/fruit&veg.jpg
http://www.forkly.com/wp-content/uploads/2018/07/PIZZA.png
http://s3.amazonaws.com/etntmedia/media/images/ext/842849976/greasy-fast-food.jpg
https://img1.cookinglight.timeinc.net/sites/default/files/styles/4_3_horizontal_-_1200x900/public/image/2017/04/main/smoky-carrot-dogs-with-nacho-sauce-1706p138.jpg?itok=2crHh4PN
https://bobandsuewilliams.com/images/food.jpg
https://cms.qz.com/wp-content/uploads/2018/04/farro-bowl-c-michael-harlan-turkell-e1523238202874.jpg?quality=75&strip=all&w=410&h=231
https://www.knowsleysafariexperience.co.uk/wp-content/uploads/2016/01/BBQ-4-Landscape.jpg
https://cf-images.us-east-1.prod.boltdns.net/v1/static/4841592010001/a66632b8-f253-468c-9ccd-e375fd2875b4/89b3e1b7-2210-48dc-8261-3149e5bed285/1280x720/match/image.jpg
http://www.paramountfinefoods.com/wp-content/uploads/2016/09/6944-Paramount_8page_Menu_En_v21-COVER.jpg
https://www.abc.net.au/news/image/9423424-3x2-700x467.jpg
https://lookaside.fbsbx.com/lookaside/crawler/media/?media_id=10155063046827026
https://www.bordbia.ie/SiteCollectionImages/Recipes/lamb/Lamb-Stew-Hotpot.jpg
http://www.holyhobo.co.uk/wp-content/uploads/2018/07/DSC_4098-copy.jpg
https://upload.wikimedia.org/wikipedia/commons/7/71/Soul_Food_at_Powell%27s_Place.jpg
https://ichef.bbci.co.uk/news/660/cpsprodpb/374B/production/_104755141_gettyimages-1034303176.jpg
https://amp.businessinsider.com/images/5a7dc169d03072af008b4bf2-750-562.jpg
https://www.diabetesfoodhub.org/themes/theme_foodhub/assets/images/foodhub_thumb.jpg
https://foodrevolution.org/wp-content/uploads/2014/12/instant-chemicals-1.jpg
https://thumbs-prod.si-cdn.com/GtmxV2LGSChKxASNtzZJLZN1_uk=/800x600/filters:no_upscale()/https://public-media.si-cdn.com/filer/d2/76/d276e8df-774d-4294-9213-1ed2be2a780b/jell-o_salad_2_1.jpg
https://fairfoodforager.com/media/Home-970x350.png
http://www.nvknights.org/uploads/2/6/3/7/26379751/corn-dog-fair-food_orig.jpg
https://www.cbc.ca/natureofthings/content/images/episodes/foodforthought_1920.jpg
https://www.7eleven.com.au/images/food-on-the-go/carousel/2b-bg.jpg
https://r.hswstatic.com/w_907/gif/worst-foods-1.jpg
https://www.gannett-cdn.com/presto/2018/10/03/USAT/b858b5e2-fff7-4ceb-aa98-eef3c39d5abd-GettyImages-849371202.jpg?crop=4566,2556,x0,y0&width=3200&height=1680&fit=bounds
https://www.foodsorcery.co.uk/wp-content/uploads/2017/11/Taco-Tuesday-lunchtime-culinary-class-e1512200506970.jpg
http://weknowyourdreams.com/images/food/food-11.jpg
https://cdn.newsapi.com.au/image/v1/1e06e19dff772dfc3e7a51caaddd16a5?width=1024
https://i.kinja-img.com/gawker-media/image/upload/s--djYdkXK4--/c_scale,f_auto,fl_progressive,q_80,w_1600/be9vyovcn2gqwod7kd16.jpg
https://fairfoodforager.com/media/Home-970x350.png
https://static.standard.co.uk/s3fs-public/thumbnails/image/2018/11/20/16/cheeseburge-pizza-dominos.jpg
https://jooinn.com/images/food-218.jpg
https://cdn1.medicalnewstoday.com/content/images/articles/322/322876/fatty-foods.jpg
https://www.sxsw.com/wp-content/uploads/2018/06/Food2019hero.jpg
https://cdn.vox-cdn.com/thumbor/cGmENf16oGTqtJtDCDrUCPUK1qY=/0x0:768x558/1200x800/filters:focal(323x218:445x340)/cdn.vox-cdn.com/uploads/chorus_image/image/61978579/bombay.0.jpg
https://food.fnr.sndimg.com/content/dam/images/food/fullset/2016/7/22/3/FNM090116_Grilled-Steak-and-Greek-Corn-Salad_s4x3.jpg.rend.hgtvcom.966.725.suffix/1469255050835.jpeg
http://static.asiawebdirect.com/m/phuket/portals/phuket-com/homepage/dining/howto/pagePropertiesImage/thai-food.jpg
https://www.worldofbuzz.com/wp-content/uploads/2018/02/pork-belly-featured-image.jpg
https://www.grab.com/my/wp-content/uploads/sites/8/2018/05/grabfood-edm-launch-header.jpg
https://scstylecaster.files.wordpress.com/2014/05/takeout-food.jpg
https://www.fera.co.uk/media/wysiwyg/food_safety/food-sample.jpg
https://i.kinja-img.com/gawker-media/image/upload/s--VabTirZn--/c_scale,f_auto,fl_progressive,q_80,w_800/vyiub9jdzvya9q1fr9dq.jpg
https://i.ytimg.com/vi/MjpbEClx-5U/maxresdefault.jpg
https://media.cntraveler.com/photos/5ad76398bd18b94ea0614ba3/4:3/w_480,c_limit/ultreia-039.jpg
https://i0.wp.com/www.healthline.com/hlcmsresource/images/AN_images/best-foods-for-diabetes-1296x728.jpg?w=1155&h=1528
http://www.welcometosheffield.co.uk/content/templates/images/9885/Image.jpg?rnd=0.8925148202106357
https://www.news.gatech.edu/sites/default/files/uploads/mercury_images/healthy_and_unhealthy_food_1.jpg
https://www.louisianatravel.com/sites/default/files/styles/article_slideshow_full/public/crawfish%20town-friedseafood.jpeg?itok=F5XGYFzQ
https://universityobserver.ie/wp-content/uploads/2019/02/fruitandveg.jpg
https://food.jumia.co.ke/images/jumia-for-corporate.jpg
https://media.fox10phoenix.com/media.fox10phoenix.com/photo/2018/11/15/azfoodie%20donuts_1542302174103.jpg_6408020_ver1.0_640_360.jpg
https://wordpress-network.prod.aws.skyscnr.com/wp-content/uploads/2018/05/GettyImages-525940191.jpg?w=1000&h=312&crop=1
https://ichef.bbci.co.uk/news/660/cpsprodpb/46ED/production/_101275181_burgers_pa.jpg
https://www.cricketstthomasgolfclub.co.uk/wp-content/uploads/2018/06/Fantastic-Food.jpg
https://i.ndtvimg.com/i/2017-10/thali_650x400_61508157304.jpg
https://cdn.cnn.com/cnnnext/dam/assets/190103112905-food-as-fuel-drayer-processed-foods-detox-00000829-exlarge-169.jpg
https://www.washingtonian.com/wp-content/uploads/2019/04/DSC_0092.jpg
https://www.healthline.com/hlcmsresource/images/AN318-sushi-platter-732x549-Thumb.jpg
https://food.fnr.sndimg.com/content/dam/images/food/fullset/2016/5/26/0/FN_bread-bowls_Alpers_bread-bowls-opener_s4x3.jpg.rend.hgtvcom.966.725.suffix/1464235979542.jpeg
http://www.fightbac.org/wp-content/uploads/2015/06/holiday-1200x672.jpg
https://quadram.ac.uk/wp-content/uploads/2017/05/target-healthy-ageing.jpg
https://www.theapex.co.uk/food-drink/images/DM37176_4453_2.jpg
https://www.achfood.com/wp-content/uploads/2018/03/ACH-Foods-Story.jpg
https://www.sizzlingpubs.co.uk/content/dam/sizzling-pubs/images/content/dn18/menus/Suburban-Menu-SB-Food.jpg.asset/1539687706924.jpg
http://delverde.us/wp-content/uploads/2017/12/pexels-photo-70497.jpeg
https://images.askmen.com/1080x540/2017/01/25-043929-can_you_make_chinese_takeout_healthy.jpg
https://www.village-hotels.co.uk/media/3288/_dsc0015-edit-edit.jpg?format=jpg&width=600&quality=95
https://assets.entrepreneur.com/images/misc/1523395161_extremestreetfood2_video.jpg
http://stmedia.stimg.co/ctyp-mama-sheilas-soul-food-kitchen-minneapolis-soul-food.jpg?w=800
https://food-guide.canada.ca/static/assets/landing/others.jpg
https://moneydotcomvip.files.wordpress.com/2018/03/d7htde.jpg
https://s3.amazonaws.com/trycaviar.com/images/social/home.jpg
https://hips.hearstapps.com/del.h-cdn.co/assets/18/05/1517424648-shepherds-pie-delish-1.jpg
http://drfoodle.com/wp-content/uploads/2017/10/Fast-food.jpg
https://cdn1.medicalnewstoday.com/content/images/hero/321/321522/321522_1100.jpg
https://www.instagram.com/p/BThRaJth_YT/media/?size=l
https://www.japan-guide.com/thumb/interest_food.jpg
https://www.sciencenews.org/sites/default/files/2018/06/main/articles/060718_AC_autism-food-allergy_feat.jpg
https://www.cdc.gov/features/salmonella-food/salmonella-food_456px.jpg
http://www.committeeroom9.co.uk/wp-content/uploads/sites/13/2016/07/hotdog.jpg
https://www.ctvnews.ca/polopoly_fs/1.3818439.1519596567!/httpImage/image.jpg_gen/derivatives/landscape_1020/image.jpg
https://static01.nyt.com/images/2019/03/04/business/04FASTFOOD1-print/02FASTFOOD-square640-v2.jpg?quality=75&auto=webp&disable=upscale&width=350
https://cdn-img.health.com/sites/default/files/styles/large_16_9/public/styles/main/public/best-keto-fast-food-dunkin-gettyimages-504892262.jpg?itok=j2PP_BI4&1546615863
https://eatforum.org/content/uploads/2019/01/Food_market.jpg
https://img.huffingtonpost.com/asset/5c59d5423b00007d02689a6e.jpeg?cache=cicfRF8sDU&ops=800_450
https://i.kinja-img.com/gawker-media/image/upload/s--4kI7XY_U--/c_fill,f_auto,fl_progressive,g_center,h_264,pg_1,q_80,w_470/fxxy2kgi52oxc68j6fcg.jpg
https://d1i2hi5dlrpq5n.cloudfront.net/~/media/images/2018/pizza/wetherspoon-pizza.jpg?h=242&la=en&w=555&vs=1&d=20180824T120817Z&crop=1&cropx=50&cropy=50&hash=F1E84921E592516C79E29B8FB69949CD4C41AB31
http://www.thepartridgestretton.co.uk/img/ThePartridgeFood10.jpg
https://www.seriouseats.com/images/2017/01/20170105-3-ingredient-macaroni-and-cheese-08.jpg
https://www.allbarone.co.uk/content/dam/all-bar-one/images/content/ln18/food-menusb.jpg.asset/1551452888597.jpg
https://americana-group.com/app/uploads/2017/11/koki1920x960-1048x524.jpg
https://i.cbc.ca/1.4988029.1548195900!/fileImage/httpImage/image.jpg_gen/derivatives/original_780/healthy-plate-proportions.jpg
https://www.anuga.com/media/redaktionell/anuga_1/img_15/fachmessen_3/fine_food_1/Fine_Food_f.jpg
https://media-cdn.grubhub.com/image/upload/c_scale,w_1650/q_50,dpr_auto,f_auto,fl_lossy,c_crop,e_vibrance:20,g_center,h_900,w_800/v1534256595/Onboarding/Burger.jpg
http://ew.content.allrecipes.com/sites/default/files/inline-images/chicken%20burrito%20bowls.jpg
http://apparelmagazine.co.nz/hotelmagazine/wp-content/uploads/sites/4/2018/09/Attention-Sushi-Lovers-There-Are-Rules-About-Eating-Japanese-Food-That-You-Must-Follow_644962144-760x506.jpg
https://hotelarclarambla.com/wp-content/uploads/2019/01/imagen-destacada-hotel-arc-la-rambla.jpg
https://i0.wp.com/www.drperlmutter.com/wp-content/uploads/2015/04/Brain_Maker_Foods.jpg?fit=1200%2C630&ssl=1
https://i0.wp.com/www.realfoodwithdana.com/wp-content/uploads/2018/03/recipes-blog-title.png?resize=650%2C432&ssl=1
https://www.pfchangs.com/images/default-source/default-album/from-scratch.jpg?sfvrsn=2
https://www.dairyqueen.com/Global/March%202019/NAT-PROMO_2019-Q1_Sauced-and-Tossed_960x630_US.png?width=960&height=630
https://c.ndtvimg.com/q7vsg0j8_indian-food_625x300_09_August_18.jpg
https://foodandfriends.org/wp-content/uploads/2017/03/IMG_0196-505x306.jpg
http://blogs.lshtm.ac.uk/shefs/files/2017/07/fruits-market-colors-cropped-2.jpg
https://www.thiscomplexworld.com/wp-content/uploads/2016/06/hero-image@2x.png
https://www.torontopearson.com/uploadedImages/Pearson/Content/Shop_Dine_Relax/Food_and_Drink/GlobalLocal_LeeKitchen.jpg
https://fortunedotcom.files.wordpress.com/2018/08/gettyimages-866379700.jpg
http://www.fao.org/fileadmin/user_upload/faoweb/Themes__pages/food-loss-and-food-waste/Story1.jpg
https://cdn.vox-cdn.com/thumbor/gcLdEduI29mEc9RhG7_l9GDaZb4=/0x0:844x844/1200x800/filters:focal(355x355:489x489)/cdn.vox-cdn.com/uploads/chorus_image/image/54896147/bud_and_marilyns.0.jpg
https://cdn.moes.com/-/media/moes/menu/blended/call-outs_our-prep-ingredients_440x240.jpg?v=1&d=20170906T161448Z&h=240&w=440&la=en&hash=5A9B83E40BA3EFFB06527D0ED304B0015748F10E
http://www.msc-innovation.com/wp-content/uploads/2018/07/171027052520-processed-foods-exlarge-tease.jpg
https://foodrevolution.org/wp-content/uploads/2018/10/blog-featured-fall_foods-20181015.jpg
https://www.cheatsheet.com/wp-content/uploads/2018/04/Aunt-Jemima-Frozen-Breakfast-Waffles.jpg
https://www.baf.com/wp-content/uploads/2018/03/corp_innovations-1.jpg
https://foodlawstudentnetwork.org/wp-content/uploads/2016/03/photo-1437750769465-301382cdf094.jpeg
https://hips.hearstapps.com/hmg-prod.s3.amazonaws.com/images/southern-soul-food-with-fried-chicken-and-collard-royalty-free-image-498272540-1550241756.jpg?resize=480:*
https://i.guim.co.uk/img/media/9f63703ed4728a504977966383c592f0373d969d/106_90_3795_2277/master/3795.jpg?width=300&quality=85&auto=format&fit=max&s=5da5eff653ca2e95a1a74e9347b95ee5
https://www.thedaylightinn.co.uk/content/dam/oak-tree-pubs/common/images/2019/smartboxes/food-menu-sb.jpg.asset/1546947450860.jpg
https://www.jtmfoodgroup.com/uploadIMG/moxie/NavImages/ChixTaco_NavDropdown_FeatProduct.jpg
https://visitportelgin.ca/images/DB/41544361600X6408132894-pizza-stock.jpg
https://americana-group.com/app/uploads/2017/12/pizza1920x960-1048x524.jpg
https://bluebuffalo.com/globalassets/for-dogs/teaser-images/wet-food-teaser.png
https://www.smithfieldfoods.com/images/video-poster-2.jpg
https://bunge.s3.amazonaws.com/categories/images/000/000/006/content/Super-Cat-Food-Ingredients.jpg?1357968333
https://www.thechicagocouncil.org/sites/default/files/header_media/gfft_header_465x237.jpg
https://www.telegraph.co.uk/content/dam/onlyinbritain/british-food-steak-pie.jpg
https://wearelocalworks.org/wp-content/uploads/2016/11/Sharing-food-stories.jpg
http://www.f-o-o-d.com/files/images/6032677441523746215.jpg
https://static.wixstatic.com/media/924d44_63ef03a3947d475eafa8a62223a901c0~mv2_d_4240_2832_s_4_2.jpg
http://www.fao.org/uploads/pics/Food-loss-and-waste.jpg
http://weknowyourdreams.com/images/food/food-14.jpg
https://www.japan-guide.com/thumb/623_foodDrink_large.jpg
https://www.collinsfoods.com/wp-content/uploads/2017/12/Collins-Website2.png
https://www.tru.ca/__shared/assets/tru-food-services-banner40080.jpg
http://static.asiawebdirect.com/m/phuket/portals/www-singapore-com/homepage/food-dining/local-dishes/allParagraphs/BucketComponent101/ListingContainer/05/image/nasi-lemak.jpg
https://www.intrepidtravel.com/sites/intrepid/files/styles/low-quality/public/elements/product/hero/thailand-street-food-insects.jpg
https://upload.wikimedia.org/wikipedia/commons/9/9e/Fakefood1.JPG
https://static.standard.co.uk/s3fs-public/thumbnails/image/2018/01/19/18/vegan-junk-food-the-full-nelson.jpg
https://ei.marketwatch.com/Multimedia/2017/06/17/Photos/ZH/MW-FO699_whole__20170617182113_ZH.jpg?uuid=45d69e1c-53ab-11e7-bb8f-9c8e992d421e
https://cne-iglusjax.stackpathdns.com/statcache/pthumb/images/food/Media%20Day%20Food%207.b028f2e2.jpg
https://draxe.com/wp-content/uploads/2017/12/VitaminKUpdate_Header.jpg
https://cdn.triplelights.com/uploads/2016-04/l9vMtMft_onigiri-collage.jpg
https://www.jtmfoodgroup.com/uploadIMG/moxie/NavImages/mac_nav.jpg
https://s28056.pcdn.co/wp-content/uploads/2018/05/spicy-sichuan-food-in-chengdu-china-at-a-classic-fly-restaurant.jpg
https://www.foodsecurity.ac.uk/wp-content/uploads/2009/10/180627-abundance-agriculture-bananas-264537-480x256.jpg
https://steemitimages.com/DQmR7x4icvA6zTX919Sx2zTHmUP7iZ95yXqa7PbmSzK9QXn/Peranakan%20Cuisine_%20The%20Most%20Delicious%20Food%20You%20Never%20Knew%20You%20Were%20Eating.jpg
https://www.mamaearth.ca/images/homepage-oct2017/img/homepage_basket.png
http://nrai.org/site/wp-content/uploads/2018/02/delicious-food-yum-favim-com-183557.jpg
http://prestofoods.com/wp-content/uploads/2014/07/products.jpg
https://static.wixstatic.com/media/eb2af4_4100d613c68f447cbf5bb400d54d1497~mv2_d_6000_4000_s_4_2.jpg
https://www.healthline.com/hlcmsresource/images/AN_images/AN312-Olives-bowl-wood-732x549-Thumb.jpg
https://static.seriouseats.com/1/braestar/live/pages/food-lab/og-image-foodlab.jpg
http://www.trbimg.com/img-5acce293/turbine/ct-food-eat-this-beatrix-market-deep-dish-20180410
https://cdn-image.foodandwine.com/sites/default/files/styles/4_3_horizontal_-_1200x900/public/1542039264/los-poblanos-historic-inn-best-breakfast-america-FT-BLOG1118.jpg?itok=0AYBXYmg
https://www.ladysmile.co.uk/wp-content/uploads/2017/03/plat-of-food.jpg
https://fareshare.org.uk/wp-content/uploads/2017/06/Apples-2015-768x715.jpg
http://www.nsfinternationalfood.co.uk/images/BerriesMixed_shutterstock_180812831,w_1366.jpg
http://img.digitaltrends.com/image/uber-eats-720x720.jpg
http://joshuaspodek.com/wp-content/uploads/2017/11/junk-food.jpg
https://i.ndtvimg.com/i/2015-11/indian-food-625_625x350_51448018868.jpg
https://static-cdn.jtvnw.net/ttv-boxart/Food%20%26%20Drink.jpg
https://www.r43dsici.com/data/out/145/1051665.jpg
https://www.hooters.com/perch/resources/menu/1-w1110h730@0.5x.jpg
https://www.quorn.us/img/content/share-home.jpg
https://ionigeria.com/wp-content/uploads/2017/11/Humans-and-Their-Varying-Food-Habits2.jpg
https://www.sgs.com/-/media/global/images/structural-website-images/hero-images/hero-agri-food.jpg?la=en&hash=DC665548B14BB9BE2FC839EE6E628FB26033CB94
https://e3.365dm.com/18/09/750x563/pizza-junk-food-generic_4419346.jpg
https://cdn2.vox-cdn.com/thumbor/McrTCjMDDexvtFzdQCb2pwpWpgI=/0x1080/volume-assets.voxmedia.com/production/751c38d94e8ae658eacde498637400fc/FoodWaste1-noLogo.jpg
https://i.kinja-img.com/gawker-media/image/upload/s--0rpKK001--/c_scale,f_auto,fl_progressive,pg_1,q_80,w_800/cqjqqduljubkqkglhgrz.jpg
https://www.christchurchnz.com/media/7386/original_sin_food_salad.jpg?center=0.38216560509554143,0.52765957446808509&mode=crop&width=796&height=448&rnd=131577379530000000
https://i.guim.co.uk/img/media/a489d57a6e953cea4a0fd25f01e0a1f98fe51ffd/623_648_3875_2324/master/3875.jpg?width=700&quality=85&auto=format&fit=max&s=0729815055174f30c5e91f1792b75302
https://cdn-a.william-reed.com/var/wrbm_gb_food_pharma/storage/images/3/1/8/4/144813-1-eng-GB/Front.jpg
https://assets.vogue.com/photos/5a529d47a14149494a920a07/master/pass/00-story-image-vegan-food-guide-to-madrid-spain.jpg
https://www.louisianatravel.com/sites/default/files/styles/article_slideshow_full/public/Little%20Big%20Cup%20Crabcakes.jpg?itok=HZzUxReM
https://www.nomadfoods.com/wp-content/uploads/2018/10/nomads-food-peas-heart-645.jpg
http://nechc.com/wp-content/uploads/2018/06/good-food-box.jpg
https://www.myprincegeorgenow.com/wp-content/uploads/2018/09/junk-food.jpg
https://choosemyplate-prod.azureedge.net/sites/default/files/styles/compression_70/public/DGA-Banner.jpg?itok=eWR5bXm6
https://static.wixstatic.com/media/ce7c89_6c3160858a5b4c97b704bbc1c3f1245f.jpg
https://cdn.moes.com/-/media/moes/menu/kids/kids-selection-card_810_320.jpg?v=1&d=20170906T175131Z&h=320&w=810&la=en&hash=4E1A05BCEB6B58F01F9E3F6C0E6663F4A98B1A55
https://media.spokesman.com/photos/2018/09/24/tacos_uaHM4Wv_t1200.jpg?298603a24e8d51915fce203907ff2746e482a5a6
https://ichef.bbci.co.uk/news/660/cpsprodpb/168D5/production/_105137329_gettyimages-512912134.jpg
https://static.wixstatic.com/media/07f589_1fa264bd258e4fdc97adedee6ff281df~mv2_d_3000_2000_s_2.jpg
http://www.diabetesforecast.org/2017/jul-aug/images/healthy-carb-assortment-ja17.jpg
http://www.hydroponicshighway.com/wp-content/uploads/2016/08/o-FOOD-facebook.jpg
https://static1.squarespace.com/static/5345cd9ce4b08cc1a37096ae/t/5a01f7dc085229806123f442/1510078437286/Egg_Ramen_comp.jpg
https://americana-group.com/app/uploads/2018/01/1920X960-Cover-photo-1048x524.jpg
https://goodfood.hr/wp-content/uploads/2016/09/chicken-ciabatta.jpg
https://assets.hellofresh.com/us/cms/plans/Tacos-Recipe-700x700.png
https://www.secondharvestmetrolina.org/image/homepage-images/Produce-Cropped-Photo.jpg
https://timedotcom.files.wordpress.com/2018/04/kidney-beans.jpg
https://static.wixstatic.com/media/01e9d93a54b671ba3a29960da27cc788209d520a588b4d0fc789c059b01b17e8.jpg
https://static1.squarespace.com/static/577582e8e3df28a0a5a31146/59d6d0238419c2e141190cbe/5be30cdd575d1f601446b3d5/1541607319370/PizitzFoodHall-54.jpg
http://vanmag.com/wp-content/uploads/2018/06/dinner-food-meal-8313.jpg
https://cdn-image.travelandleisure.com/sites/default/files/styles/1600x1000/public/1552488334/blueberry-pie-PIDAY0319.jpg?itok=E0JWToO3
https://i.cbc.ca/1.4988018.1548175502!/fileImage/httpImage/food-price-report-20181204.jpg
https://upload.wikimedia.org/wikipedia/commons/e/ea/Indian_Spices.jpg
http://i.cdn.turner.com/cnn/2011/HEALTH/03/30/fda.food.dye.health/t1larg.food.dye.jpg
http://www.itunestogalaxys5.com/wp-content/uploads/2018/07/4.-Food.jpg
https://www.supremetastetx.com/resources/img/backgrounds/chinese_2.jpg
https://i.ndtvimg.com/i/2017-11/junk-food_620x352_81510227027.jpg
https://www.nal.usda.gov/sites/default/files/styles/information_center_slideshow/public/usda_foods.jpg?itok=NNk33eEa
https://cdn.vox-cdn.com/thumbor/Ev5eQJAV2MOFzWV-w8e3Lv7hz1c=/0x0:5493x3662/1200x0/filters:focal(0x0:5493x3662):no_upscale()/cdn.vox-cdn.com/uploads/chorus_asset/file/13470274/Hill_Country_Food_Park_22.jpg
https://www.smithfieldfoods.com/images/home/packaged-brands/armour-food.jpg
https://lookaside.fbsbx.com/lookaside/crawler/media/?media_id=1643001805788981
https://www.myfooddata.com/images/intro/high-protein-foods.jpg
https://amp.businessinsider.com/images/51435f0a6bb3f73b54000009-750-500.jpg
http://main.diabetes.org/dorg/images/lps/understandingcarbs-365x285.jpg
https://assets.blog.foodnetwork.ca/imageserve/wp-content/uploads/sites/6/2016/11/garlic-fingers-with-donair-sauce/x.jpg
https://assets.vogue.com/photos/5a3aad36d9c02b6076718d83/master/pass/vietnamese-food-goi-xoai-green-mango-salad.jpg
https://food-guide.canada.ca/static/assets/landing/enjoy.jpg
https://cdn.pixabay.com/photo/2015/07/30/18/23/burger-868145_960_720.jpg
https://www.healthline.com/hlcmsresource/images/imce/foods-that-boost-the-immune-system_thumb.jpg
https://image-service.blueapron.com/render/q/quality/75/src/https%3A%2F%2Fmedia.blueapron.com%2Fhome_page%2FWhatsInTheDelivery%2F011317_WhatsInside_mobile.jpg
https://m.media-amazon.com/images/S/aplus-media/vc/898f3cab-09fd-458f-b91d-c54e346f08f8.jpg
https://d3i4yxtzktqr9n.cloudfront.net/web-eats/static/images/homepage/burger-image-1080-08426a9912.jpg
https://omega-center.org/wp-content/uploads/parser/inexpensive-baby-shower-food-ideas-1.jpg
https://techweek.co.nz/assets/Uploads/The-Impossible-Burger.jpg
http://static.wixstatic.com/media/f771d9_2eb78d3108d6457caf7b1b0185173c52~mv2.jpg/v1/fill/w_308,h_308,al_c,q_80,usm_0.66_1.00_0.01/f771d9_2eb78d3108d6457caf7b1b0185173c52~mv2.webp
https://images.happycow.net/venues/500/15/27/hcmp1527_188778.jpeg
https://cdn.hellofresh.com/gb/cms/lentil/delicious/HF_web_banner_Whats_inside_the_box_1024x450_retina_doublesize_UK.jpg
https://www.washingtonpost.com/resizer/dH6CZnMiJOEroHTU4qeIpnVZzAk=/1484x0/arc-anglerfish-washpost-prod-washpost.s3.amazonaws.com/public/IK7ZM45F5U2YHCLAW2FSISYBIU.jpg
https://static.wixstatic.com/media/0c5d00_dad149c8f94043c882b8fc9299669370~mv2_d_1304_1304_s_2.jpg/v1/fill/w_280,h_252,al_c,q_80,usm_0.66_1.00_0.01/0c5d00_dad149c8f94043c882b8fc9299669370~mv2_d_1304_1304_s_2.jpg
http://i.dawn.com/large/2016/05/5742bf39a45f0.jpg
https://www.foodsafety.gov/images/salmonella_food_blog.jpg
https://www.helpguide.org/wp-content/uploads/2018/11/family-outdoor-food-spread-350.jpg
https://draxe.com/wp-content/uploads/2014/10/Probiotics_HEADER.jpg
https://media-cdn.tripadvisor.com/media/photo-s/0a/ab/58/0a/amicis-buffet-food.jpg
https://www.daveandbusters.com/media/1176/buffalo_wing_burger.jpg?width=1120&quality=60
https://cdn-b.william-reed.com/var/wrbm_gb_hospitality/storage/images/1/7/3/4/404371-1-eng-GB/Good-Food-Guide-editor-calls-for-more-veggie-options-on-pub-menus.jpg
https://image.freepik.com/free-photo/food-background-food-concept-with-various-tasty-fresh-ingredients-cooking-italian-food-ingredients-view-from-with-copy-space_1220-1491.jpg
https://imagesvc.meredithcorp.io/v3/mm/image?url=https://cdn-img.health.com/sites/default/files/styles/large_16_9/public/styles/main/public/gettyimages-150639320_0.jpg?itok=ORVM96Y0&1534868554&w=800&q=85
https://walk-ons.com/imager/assets/uploads/images/169/mike-buck-WalkOns-DS-mikebuck-8113_4032722beaac52b6f4c8bca9fe5a2091.jpg
https://media.timeout.com/images/102998923/image.jpg
http://globe-views.com/dcim/dreams/food/food-05.jpg
http://hawthorneto.ca/wp-content/uploads/2018/03/DSC06932-1500x630.jpg
http://theblacksheeppub.ca/wp-content/uploads/2016/05/daily-foos-specials.jpg
https://www.tangophotographie.com/wp-content/uploads/2016/11/food-photographer-menu-board-tango-photography.jpg
https://media11.s-nbcnews.com/i/MSNBC/Components/Video/201902/tdy_food_klg_beef2_190226.jpg
https://cdn1.medicalnewstoday.com/content/images/articles/321/321522/black-beans-as-high-protein-food-for-weight-loss.jpg
http://instagram.com/p/Bie2rMSFBt_/media/?size=l
https://ichef.bbci.co.uk/food/ic/food_16x9_832/recipes/ras_el_hanout_baked_06088_16x9.jpg
https://www.deliverywow.com/order-food-online/images/miami-italian-food-delivery.jpg
https://img.buzzfeed.com/buzzfeed-static/static/2018-08/29/16/campaign_images/buzzfeed-prod-web-04/18-foods-you-should-eat-more-of-if-you-need-to-po-2-16751-1535576161-4_dblbig.jpg
http://www.boondocks.com/_includes/images/og/food.jpg
http://www.paramountfinefoods.com/wp-content/uploads/2016/09/6944-Paramount_8page_Menu_En_v21-5-6.jpg
https://www.catholiccharitiesdc.org/wp-content/uploads/2018/10/SHARE-corner-Banner.png
https://media.apnarm.net.au/media/images/2019/03/12/imagev12084696df57ff0780583da389a110700-o3oug13fbocm1t04yr2_ct677x380.jpg
https://leprinofoods.com/wp-content/uploads/2017/11/cropped-Cheese-table_1200x630.jpg
https://s3.amazonaws.com/PandaExpressWebsite/img/favorites/fav-menu.jpg
https://i.ytimg.com/vi/OO9kSxcT9Rg/maxresdefault.jpg
https://upload.wikimedia.org/wikipedia/commons/1/18/AfternoonTea.JPG
https://static.independent.co.uk/s3fs-public/thumbnails/image/2017/09/14/12/chicken-burger-0.jpg?w968h681
https://static1.squarespace.com/static/577582e8e3df28a0a5a31146/59d6d0238419c2e141190cbe/59d6d6608419c2e141194cd3/1507251812134/BalognaSandwich.jpg
https://www.makegoodfood.ca/images/goodfood/fb_img.jpg
https://i2.wp.com/media.globalnews.ca/videostatic/984/802/food.jpg?w=670&quality=70&strip=all
https://www.iso.org/files/live/sites/isoorg/files/standards/popular_standards/iso_22000_food_safety_management/img/Standards-Popular%20standards-ISO%2022000%20Food%20safety%20management_TAB.jpg/thumbnails/1200x300
https://news.europawire.eu/wp-content/uploads/2019/02/SGS-can-now-offer-FSMA-certification-for-VQIP-and-FSVP-to-foreign-food-importers-into-the-US.jpg
https://thehill.com/sites/default/files/styles/thumb_small_article/public/cheerios_generalmills_getty.jpg?itok=3EkxmvVz
https://www.calgaryfoodbank.com/wp-content/uploads/2018/08/FoodLink.jpg
https://static.politico.com/dims4/default/0736486/2147483647/crop/3000x2000%2B0%2B136/resize/1200x800%3E/quality/90/?url=https%3A%2F%2Fstatic.politico.com%2F63%2F1b%2F16e9a5e545d29f4c3d57f43f5529%2Fmichellegarden-lede-illobygluekit.jpg
https://fairfoodforager.com.au/uploads/sandyfeet5.png
http://goldenchick.com/assets/menu-images/_resampled/SetWidth640-GoldenChick-11-13-8.jpg
https://secure.cdn1.wdpromedia.com/resize/mwImage/1/640/360/75/dam/wdpro-assets/gallery/dining/resort-dining/all-star-music-resort/intermission-food-court/intermission-food-court-gallery05.jpg?1522952821243
https://vp4163n4vuv3rlg3w3yn0qx1-wpengine.netdna-ssl.com/wp-content/uploads/2018/12/Raw-Food-Recipies-1.jpeg
https://images.medicinenet.com/images/quiz/food-poisoning/food-poisoning-s1.jpg
https://amp.thisisinsider.com/images/5a0a214791533201018b474d-750-563.jpg
https://wpblink.com/sites/default/files/wallpaper/food/68838/food-wallpapers-hd-68838-2824411.png
https://www.mcdonalds.com/content/dam/usa/promotions/HP_hero/hph-bacon-release-d.jpg
http://www.benekeith.com/assets/img/twitcard.jpeg
https://berkeleysports.com.au/content/uploads/2018/09/Untitled.jpg
https://static.wixstatic.com/media/eb2af4_d327306b2d3c4fa198228fa52f5ed85b~mv2_d_6000_4000_s_4_2.jpg
https://static.wixstatic.com/media/fc89c5_83ced482adba4ba091effbff222f36c3~mv2_d_1600_1600_s_2.jpg_srz_920_920_85_22_0.50_1.20_0.00_jpg_srz
https://www.marketstreetunited.com/Media/MarketStreet/Images/Food%20To%20Go/FoodToGoHeader-1.jpg
https://m.media-amazon.com/images/M/MV5BZTMwZGNiODgtZWRhOC00NWY1LTgzMzgtYTRlMDY0MmIwZGNlXkEyXkFqcGdeQXVyNDM1NTAwNzg@._V1_.jpg
http://ilovememphisblog.com/wp-content/uploads/2019/04/6305537420_7072800210_b.jpg
https://www.elmonterey.com/wp-content/uploads/2018/12/frozen-mexican-meals-on-mobile.jpg
http://static.asiawebdirect.com/m/bangkok/portals/bangkok-com/homepage/restaurants/street-food/allParagraphs/BucketComponent/ListingContainer/07/image/thip-samai-pad-thai-bangkok.jpg
https://static.wixstatic.com/media/93f2e6_7d84e8f089ec4742b6153d3c4c2600e8.jpg
http://www.herecomesthefood.com.au/wp-content/uploads/2018/12/food-and-teeth.jpg
https://www.kwiq.com/wp-content/uploads/2017/03/fast-food.jpg
https://assets.vogue.com/photos/5a611a4a77913e1576dad2ff/master/pass/00-story-image-best-chinese-food-in-new-york.jpg
https://drpraegers.com/wp-content/uploads/2016/01/Sweet_Potato_Little.jpg
http://ritzcaribbeanfoods.ca/wp-content/uploads/2016/06/big_enhanced_3403_1439901165_2.jpg
https://hips.hearstapps.com/vader-prod.s3.amazonaws.com/1550675583-51ytjS0q40L.jpg?crop=1xw:1xh;center,top
https://static.wixstatic.com/media/5fe413_cba57aaab68b400e845ec700cf944037.jpg
https://www.christchurchnz.com/media/7505/dux_dine_seafood.jpg?center=0.3888888888888889,0.50287356321839083&mode=crop&width=595&height=438&rnd=131620342540000000
http://www.centreisland.ca/images/Attachment5-resize.jpg
http://static.wixstatic.com/media/15fe68_ac13c404e1434959b37e02c8473a0c28.jpg/v1/crop/x_0,y_141,w_1275,h_961/fill/w_479,h_360,al_c,q_80,usm_0.66_1.00_0.01/15fe68_ac13c404e1434959b37e02c8473a0c28.webp
https://static.wixstatic.com/media/2143c7_b2c2e3364adc407684d9cce0e8b247fa~mv2_d_2943_2001_s_2.jpg/v1/fill/w_625,h_425,al_c,q_80,usm_0.66_1.00_0.01/2143c7_b2c2e3364adc407684d9cce0e8b247fa~mv2_d_2943_2001_s_2.jpg
https://www.torontopearson.com/uploadedImages/Pearson/Content/Shop_Dine_Relax/Food_and_Drink/GlobalLocal_TheHearth.jpg
https://www.fda.gov/ucm/groups/fdagov-public/documents/image/ucm472507.jpg
http://www.yellowbellybrewery.com/wp-content/uploads/2013/10/temp_food_fishchips2.jpg
https://cdn.grabon.in/gograbon/images/web-images/uploads/1548853247591/Foodpanda-Coupons.jpg
https://www.r43dsici.com/data/out/147/1056168.jpg
https://static.wixstatic.com/media/31bfcf_869adfec8fd843909fb7569a186915d2~mv2_d_5760_3840_s_4_2.jpg/v1/fill/w_320,h_313,al_c,q_80,usm_0.66_1.00_0.01/31bfcf_869adfec8fd843909fb7569a186915d2~mv2_d_5760_3840_s_4_2.jpg
https://cdn-img.health.com/sites/default/files/styles/large_16_9/public/styles/main/public/best-keto-fast-food-panera-square.jpg?itok=aTBNUeuG&1546554026
https://static.wixstatic.com/media/5c40f5_0db7c1e0969740a381aa269e370ebe5c~mv2.png_srz_992_485_85_22_0.50_1.20_0.00_png_srz
https://www.shireburnarmshotel.co.uk/wp-content/uploads/sites/8/2017/12/Shireburn-Food-Edited-1-of-11.jpg
https://www.tourismthailand.org/images/headline/headline-abt-food.jpg
https://storage.googleapis.com/cdn.brandwiki.today/bw/indianfoodfreak/2017/05/0rganic1.jpg
https://www.farmina.com/fotoslide/207_21_prime-chopping-board-2560x600.jpg
https://static1.squarespace.com/static/5874beda197aeadd56f67fbe/t/5aaa427e0852291a6830b3e7/1521471677183/7F3A8903.jpg?format=1500w
https://static.wixstatic.com/media/40e6c21462de360cac490215111abe8c7f3dd27928857f10d8912c88ff1f8b50.jpg
https://munchies-images.vice.com/wp_upload/spam_musubi_pic_2.jpg?crop=1xw%3A0.8435280189423836xh%3Bcenter%2Ccenter&resize=2000%3A*
https://www.schwanscompany.com/images/social-media/schwans-company-fb.jpg
https://americana-group.com/app/uploads/2017/12/burger1920x960-1048x524.jpg
https://img.webmd.com/dtmcms/live/webmd/consumer_assets/site_images/article_thumbnails/quizzes/food_safety_quiz/650x350_food_safety_quiz.jpg
https://i0.wp.com/images-prod.healthline.com/hlcmsresource/images/topic_centers/2018-7/732x549_Vitamin_D_Nathalie_thumb.jpg?w=630
https://food.fnr.sndimg.com/content/dam/images/food/fullset/2016/4/11/0/fnd_quiz-chefs-dishes.jpg.rend.hgtvcom.1280.960.suffix/1460384438485.jpeg
https://media.istockphoto.com/photos/variety-of-food-on-the-wooden-table-top-view-picture-id1001315860
https://static.wixstatic.com/media/d6acca_34c75e2abb9c45a6aa43ac20b77c0dd8~mv2_d_1242_1209_s_2.jpeg/v1/fill/w_668,h_650,al_c,q_85,usm_0.66_1.00_0.01/d6acca_34c75e2abb9c45a6aa43ac20b77c0dd8~mv2_d_1242_1209_s_2.jpeg
https://www.dogfoodadvisor.com/wp-content/uploads/2018/09/Merrick-Grain-Free-Puppy-Food.jpg
https://bloximages.newyork1.vip.townnews.com/omaha.com/content/tncms/assets/v3/editorial/1/fd/1fd93718-4fe7-5357-92b8-3c98c3736f7f/5ca3861dcf057.image.jpg?crop=768%2C576%2C0%2C192&resize=768%2C576&order=crop%2Cresize
https://teriyakiexperience.com/wp-content/uploads/2016/04/OUrfoodchicken2-3.png
https://www.whatsuplife.in/delhi/blog/wp-content/uploads/2016/07/635994542683458645766607621_Korean-Food-Cover-2.jpg
http://static.wixstatic.com/media/f771d9_5e8edec1087f4d3cb1916b55df5dd338~mv2.jpg/v1/fill/w_308,h_308,al_c,q_80,usm_0.66_1.00_0.01/f771d9_5e8edec1087f4d3cb1916b55df5dd338~mv2.webp
https://static.wixstatic.com/media/12dfb1_af3bf80631b34e48b985686db369906a.jpg/v1/fill/w_614,h_420,al_c,q_80,usm_0.66_1.00_0.01/12dfb1_af3bf80631b34e48b985686db369906a.jpg
https://cdn.makegoodfood.ca/images/amw-goodfood-homepage-mobile.jpg
https://bluebuffalo.com/globalassets/for-dogs/teaser-images/dry-food-teaser.png
https://static.wixstatic.com/media/fc89c5_ec75bd24132e48caadc2e63a92fff77f.jpg_srz_920_920_85_22_0.50_1.20_0.00_jpg_srz
https://cdn.moes.com/-/media/moes/menu/blended/how-we-do-it-call-outs_our-food_steak-chicken_440x240.jpg?v=1&d=20170918T033139Z&h=240&w=440&la=en&hash=5BF316CF80941D03AD7CED6FC373A9AD9E7C80BB
https://abbotsfordconvent.com.au/cache/image.ae2bc8768ad6844980b346eb3be57b22
https://www.farmina.com/fotoslide/1410_24_Wet%20Food%20Slider.jpg
https://static.wixstatic.com/media/07f589_ccda6d8412df4201a9319886ad9a2e5b~mv2_d_2500_1667_s_2.jpg